,run_id,run_name,max_f1,log,name,group,data_dir,val_data,drop_last,optimizer,scheduler,batch_size,learn_rate,max_epochs,model_name,num_labels,train_data,data_source,num_workers,token_types,val_percent,from_scratch,max_patience,train_percent,val_data_file,scheduler_args,data_val_origin,train_data_file,optimizer_kwargs,scheduler_kwargs,grad_accumulation_steps,total_steps,warmup_steps,_step,recall,accuracy,Train Loss,Word embedding grad norm,Token type embedding grad norm,f1,_runtime,precision,_timestamp,Learning Rate,av_epoch_loss,Train Accuracy
0,1uyr5n7s,albert-large,0.4223381559397102,True,albert-large,scientsbank-5-labels-x,data,data/flat_semeval5way_test.csv,False,AdamW,linear_with_warmup,8,1e-05,24,albert-large-v2,5,data/flat_semeval5way_train.csv,scientsbank,4,True,100,False,5.0,100,flat_semeval5way_test.csv,"[1024, 17000]",answer,flat_semeval5way_train.csv,{'weight_decay': 1e-05},{},,,,7469.0,0.5685185185185185,0.5685185185185185,0.834825873374939,0.0004682365688495338,0.000694914604537189,0.4121255848528576,1057.0,0.32321330589849107,1614889943.0,8.304957436154232e-06,0.6821112729537142,0.0
1,11772hha,albert-base,0.5567046772651522,True,albert-base,scientsbank-5-labels-x,data,data/flat_semeval5way_test.csv,False,AdamW,linear_with_warmup,8,1e-05,24,albert-base-v2,5,data/flat_semeval5way_train.csv,scientsbank,4,True,100,False,5.0,100,flat_semeval5way_test.csv,"[1024, 17000]",answer,flat_semeval5way_train.csv,{'weight_decay': 1e-05},{},,,,9959.0,0.5722222222222222,0.5722222222222222,0.030374273657798767,1.7405171394348145,2.231081485748291,0.420445395666345,527.0,0.7558963238331268,1614888877.0,7.526289434151227e-06,0.3653687601609581,0.0
2,305r6keo,roberta-large,0.7835785471005597,True,roberta-large,scientsbank-5-labels-x,data,data/flat_semeval5way_test.csv,False,AdamW,linear_with_warmup,8,1e-05,24,roberta-large,5,data/flat_semeval5way_train.csv,scientsbank,4,True,100,False,5.0,100,flat_semeval5way_test.csv,"[1024, 17000]",answer,flat_semeval5way_train.csv,{'weight_decay': 1e-05},{},,,,19919.0,0.7703703703703704,0.7703703703703704,0.0007184546557255089,0.00462482450529933,0.005463488399982452,0.7695365405235779,3796.0,0.7694764254601983,1614888339.0,4.41161742613921e-06,0.08117549523658425,0.0
3,35vnm51r,roberta-base,0.724883991934894,True,roberta-base,scientsbank-5-labels-x,data,data/flat_semeval5way_test.csv,False,AdamW,linear_with_warmup,8,1e-05,24,roberta-base,5,data/flat_semeval5way_train.csv,scientsbank,4,True,100,False,5.0,100,flat_semeval5way_test.csv,"[1024, 17000]",answer,flat_semeval5way_train.csv,{'weight_decay': 1e-05},{},,,,12449.0,0.7277777777777777,0.7277777777777777,0.015951287001371384,0.08692535758018494,0.12747551500797272,0.7105671999054729,947.0,0.7490022163981103,1614884534.0,6.7476214321482225e-06,0.21218528388475347,0.0
4,1ksojjtz,bert-large,0.7593478117759984,True,bert-large,scientsbank-5-labels-x,data,data/flat_semeval5way_test.csv,False,AdamW,linear_with_warmup,8,1e-05,24,bert-large-uncased,5,data/flat_semeval5way_train.csv,scientsbank,4,True,100,False,5.0,100,flat_semeval5way_test.csv,"[1024, 17000]",answer,flat_semeval5way_train.csv,{'weight_decay': 1e-05},{},,,,14939.0,0.7481481481481481,0.7481481481481481,0.0006474544061347842,0.005224795080721378,0.006508949212729931,0.7434390093863726,2844.0,0.7492093640241789,1614883576.0,5.968953430145218e-06,0.03322793213787026,0.0
5,1hwvqu3t,bert-base,0.6524744621709053,True,bert-base,scientsbank-5-labels-x,data,data/flat_semeval5way_test.csv,False,AdamW,linear_with_warmup,8,1e-05,24,bert-base-uncased,5,data/flat_semeval5way_train.csv,scientsbank,4,True,100,False,5.0,100,flat_semeval5way_test.csv,"[1024, 17000]",answer,flat_semeval5way_train.csv,{'weight_decay': 1e-05},{},,,,11204.0,0.6351851851851852,0.6351851851851852,0.001896846224553883,0.07949735969305038,0.09592697024345398,0.5591154468308638,851.0,0.7191466364323508,1614880724.0,7.136955433149725e-06,0.06628674095054082,0.0
6,3u1kj78v,albert-large,0.4121255848528576,True,albert-large,scientsbank-token_types-x,data,data/flat_semeval5way_test.csv,False,AdamW,linear_with_warmup,8,1e-05,24,albert-large-v2,2,data/flat_semeval5way_train.csv,scientsbank,4,True,100,False,5.0,100,flat_semeval5way_test.csv,"[1024, 17000]",answer,flat_semeval5way_train.csv,{'weight_decay': 1e-05},{},,,,7469.0,0.5685185185185185,0.5685185185185185,0.6579397916793823,0.028978317975997925,0.04352206364274025,0.4121255848528576,1056.0,0.32321330589849107,1614878045.0,8.304957436154232e-06,0.689130773067091,0.0
7,j50p2rry,albert-base,0.5427986706135768,True,albert-base,scientsbank-token_types-x,data,data/flat_semeval5way_test.csv,False,AdamW,linear_with_warmup,8,1e-05,24,albert-base-v2,2,data/flat_semeval5way_train.csv,scientsbank,4,True,100,False,5.0,100,flat_semeval5way_test.csv,"[1024, 17000]",answer,flat_semeval5way_train.csv,{'weight_decay': 1e-05},{},,,,12449.0,0.45185185185185184,0.45185185185185184,0.09804891049861908,0.15176531672477722,0.247735932469368,0.454216519489458,659.0,0.458650109183917,1614876981.0,6.7476214321482225e-06,0.4604602848146698,0.0
8,1epvfnrq,roberta-large,0.4121255848528576,True,roberta-large,scientsbank-token_types-x,data,data/flat_semeval5way_test.csv,False,AdamW,linear_with_warmup,8,1e-05,24,roberta-large,2,data/flat_semeval5way_train.csv,scientsbank,4,True,100,False,5.0,100,flat_semeval5way_test.csv,"[1024, 17000]",answer,flat_semeval5way_train.csv,{'weight_decay': 1e-05},{},,,,2228.0,0.5685185185185185,0.5685185185185185,0.6712122559547424,0.5440621376037598,0.6854615211486816,0.4121255848528576,446.0,0.32321330589849107,1614876312.0,9.943665498247372e-06,0.6857599372169979,0.625
9,65g5wcf1,roberta-base,0.7588540855020519,True,roberta-base,scientsbank-token_types-x,data,data/flat_semeval5way_test.csv,False,AdamW,linear_with_warmup,8,1e-05,24,roberta-base,2,data/flat_semeval5way_train.csv,scientsbank,4,True,100,False,5.0,100,flat_semeval5way_test.csv,"[1024, 17000]",answer,flat_semeval5way_train.csv,{'weight_decay': 1e-05},{},,,,26144.0,0.7537037037037037,0.7537037037037037,0.0008276851149275899,0.0034515385050326586,0.00485153729096055,0.7533627751293919,2017.0,0.753152334183036,1614875857.0,2.464947421131698e-06,0.07106687313423363,0.0
10,3hn87bow,bert-large,0.7863347489533447,True,bert-large,scientsbank-token_types-x,data,data/flat_semeval5way_test.csv,False,AdamW,linear_with_warmup,8,1e-05,24,bert-large-uncased,2,data/flat_semeval5way_train.csv,scientsbank,4,True,100,False,5.0,100,flat_semeval5way_test.csv,"[1024, 17000]",answer,flat_semeval5way_train.csv,{'weight_decay': 1e-05},{},,,,28634.0,0.7833333333333333,0.7833333333333333,0.0005199749139137566,0.00015518137661274525,0.00017833153833635151,0.7803782843973179,5347.0,0.7843153759820426,1614873829.0,1.6862794191286931e-06,0.005991363441908954,0.0
11,2sb5mtv0,bert-base,0.6701308404893744,True,bert-base,scientsbank-token_types-x,data,data/flat_semeval5way_test.csv,False,AdamW,linear_with_warmup,8,1e-05,24,bert-base-uncased,2,data/flat_semeval5way_train.csv,scientsbank,4,True,100,False,5.0,100,flat_semeval5way_test.csv,"[1024, 17000]",answer,flat_semeval5way_train.csv,{'weight_decay': 1e-05},{},,,,12449.0,0.6592592592592592,0.6592592592592592,0.10658622533082962,2.511691093444824,4.5188093185424805,0.6199398428731763,931.0,0.6879076931298197,1614868473.0,6.7476214321482225e-06,0.0692509618777575,0.0
12,1dqht0gi,bert-large,0.0,True,bert-large,scientsbank-token_types-x,data,data/flat_semeval5way_test.csv,False,AdamW,linear_with_warmup,8,1e-05,24,bert-large-uncased,2,data/flat_semeval5way_train.csv,scientsbank,4,True,100,False,5.0,100,flat_semeval5way_test.csv,"[1024, 17000]",answer,flat_semeval5way_train.csv,{'weight_decay': 1e-05},{},,,,,,,,,,,,,,,,
13,16gjumd3,bert-base,0.0,True,bert-base,scientsbank-token_types-x,data,data/flat_semeval5way_test.csv,False,AdamW,linear_with_warmup,8,1e-05,24,bert-base-uncased,2,data/flat_semeval5way_train.csv,scientsbank,4,True,100,False,5.0,100,flat_semeval5way_test.csv,"[1024, 17000]",answer,flat_semeval5way_train.csv,{'weight_decay': 1e-05},{},,,,0.0,,,0.8260052800178528,,,,32.0,,1614867306.0,9.765625e-09,,0.375
14,jnqyr3jb,albert-large,0.5256361133535041,True,albert-large,beetle-token_types-x,data,data/flat_semeval5way_test.csv,False,AdamW,linear_with_warmup,8,1e-05,24,albert-large-v2,2,data/flat_semeval5way_train.csv,beetle,4,True,100,False,5.0,100,flat_semeval5way_test.csv,"[1024, 17000]",answer,flat_semeval5way_train.csv,{'weight_decay': 1e-05},{},,,,3221.0,0.6239316239316239,0.6239316239316239,0.6940943002700806,,,0.479442195231669,488.0,0.3892906713419534,1614649932.0,8.627941912869304e-06,0.6767085180131357,0.5
15,3hoqfuhl,albert-base,0.5976059469032942,True,albert-base,beetle-token_types-x,data,data/flat_semeval5way_test.csv,False,AdamW,linear_with_warmup,8,1e-05,24,albert-base-v2,2,data/flat_semeval5way_train.csv,beetle,4,True,100,False,5.0,100,flat_semeval5way_test.csv,"[1024, 17000]",answer,flat_semeval5way_train.csv,{'weight_decay': 1e-05},{},,,,3221.0,0.4444444444444444,0.4444444444444444,0.2089456021785736,,,0.403474887333718,264.0,0.5615292712066905,1614649436.0,8.627941912869304e-06,0.3579152965911233,1.0
16,t2t9iuwk,roberta-large,0.8765847578347576,True,roberta-large,beetle-token_types-x,data,data/flat_semeval5way_test.csv,False,AdamW,linear_with_warmup,8,1e-05,24,roberta-large,2,data/flat_semeval5way_train.csv,beetle,4,True,100,False,5.0,100,flat_semeval5way_test.csv,"[1024, 17000]",answer,flat_semeval5way_train.csv,{'weight_decay': 1e-05},{},,,,8054.0,0.8717948717948718,0.8717948717948718,0.01612190529704094,,,0.8716473515108327,2014.0,0.8715332286760858,1614649161.0,5.608412618928392e-06,0.1440058104301205,1.0
17,s6cnpjl5,roberta-base,0.8794348784084276,True,roberta-base,beetle-token_types-x,data,data/flat_semeval5way_test.csv,False,AdamW,linear_with_warmup,8,1e-05,24,roberta-base,2,data/flat_semeval5way_train.csv,beetle,4,True,100,False,5.0,100,flat_semeval5way_test.csv,"[1024, 17000]",answer,flat_semeval5way_train.csv,{'weight_decay': 1e-05},{},,,,8054.0,0.8653846153846154,0.8653846153846154,0.0015317776706069708,,,0.8638728792999041,983.0,0.8648323242571273,1614647138.0,5.608412618928392e-06,0.11340427188330449,1.0
18,khsynkac,bert-large,0.8599602404022736,True,bert-large,beetle-token_types-x,data,data/flat_semeval5way_test.csv,False,AdamW,linear_with_warmup,8,1e-05,24,bert-large-uncased,2,data/flat_semeval5way_train.csv,beetle,4,True,100,False,5.0,100,flat_semeval5way_test.csv,"[1024, 17000]",answer,flat_semeval5way_train.csv,{'weight_decay': 1e-05},{},,,,5906.0,0.8589743589743589,0.8589743589743589,0.002467923332005739,,,0.8598196675119752,1463.0,0.8618209804380017,1614646145.0,6.950425638457687e-06,0.046799144900650215,1.0
19,almifhoj,bert-base,0.8468337218337219,True,bert-base,beetle-token_types-x,data,data/flat_semeval5way_test.csv,False,AdamW,linear_with_warmup,8,1e-05,24,bert-base-uncased,2,data/flat_semeval5way_train.csv,beetle,4,True,100,False,5.0,100,flat_semeval5way_test.csv,"[1024, 17000]",answer,flat_semeval5way_train.csv,{'weight_decay': 1e-05},{},,,,7517.0,0.8418803418803419,0.8418803418803419,0.0007393566193059087,,,0.8364733437803623,913.0,0.8467489055566632,1614644673.0,5.943915873810716e-06,0.045821056408874315,1.0
20,21vp0rhm,albert-large,0.4121255848528576,True,albert-large,scientsbank-token_types-x,data,data/flat_semeval5way_test.csv,False,AdamW,linear_with_warmup,8,1e-05,24,albert-large-v2,2,data/flat_semeval5way_train.csv,scientsbank,4,True,100,False,5.0,100,flat_semeval5way_test.csv,"[1024, 17000]",answer,flat_semeval5way_train.csv,{'weight_decay': 1e-05},{},,,,3737.0,0.5685185185185185,0.5685185185185185,0.5518394708633423,,,0.4121255848528576,1052.0,0.32321330589849107,1614643752.0,8.304957436154232e-06,0.681299163932969,0.0
21,2lovnq48,albert-base,0.5268629334121356,True,albert-base,scientsbank-token_types-x,data,data/flat_semeval5way_test.csv,False,AdamW,linear_with_warmup,8,1e-05,24,albert-base-v2,2,data/flat_semeval5way_train.csv,scientsbank,4,True,100,False,5.0,100,flat_semeval5way_test.csv,"[1024, 17000]",answer,flat_semeval5way_train.csv,{'weight_decay': 1e-05},{},,,,5606.0,0.4388888888888889,0.4388888888888889,0.04099898040294647,,,0.2911095240636078,586.0,0.5525061862514334,1614642692.0,7.136955433149725e-06,0.4055516137247396,0.0
22,whefgmg5,roberta-large,0.6747408360383397,True,roberta-large,scientsbank-token_types-x,data,data/flat_semeval5way_test.csv,False,AdamW,linear_with_warmup,8,1e-05,24,roberta-large,2,data/flat_semeval5way_train.csv,scientsbank,4,True,100,False,5.0,100,flat_semeval5way_test.csv,"[1024, 17000]",answer,flat_semeval5way_train.csv,{'weight_decay': 1e-05},{},,,,4307.0,0.6814814814814815,0.6814814814814815,0.7084609270095825,,,0.6747408360383397,1660.0,0.6792347276854319,1614642097.0,7.948172258387581e-06,0.5527164608575523,0.75
23,1yeztfj8,roberta-base,0.733026478688998,True,roberta-base,scientsbank-token_types-x,data,data/flat_semeval5way_test.csv,False,AdamW,linear_with_warmup,8,1e-05,24,roberta-base,2,data/flat_semeval5way_train.csv,scientsbank,4,True,100,False,5.0,100,flat_semeval5way_test.csv,"[1024, 17000]",answer,flat_semeval5way_train.csv,{'weight_decay': 1e-05},{},,,,11213.0,0.7037037037037037,0.7037037037037037,0.001279369811527431,,,0.7032050283102177,1639.0,0.7028811333747225,1614640428.0,3.6329494241362047e-06,0.07879093512454761,0.0
24,1ct31m44,bert-large,0.5790336589980577,True,bert-large,scientsbank-token_types-x,data,data/flat_semeval5way_test.csv,False,AdamW,linear_with_warmup,8,1e-05,24,bert-large-uncased,2,data/flat_semeval5way_train.csv,scientsbank,4,True,100,False,5.0,100,flat_semeval5way_test.csv,"[1024, 17000]",answer,flat_semeval5way_train.csv,{'weight_decay': 1e-05},{},,,,3737.0,0.5611111111111111,0.5611111111111111,0.46301013231277466,,,0.4086859101093976,1385.0,0.32138266998341625,1614638779.0,8.304957436154232e-06,0.6850452313373326,0.0
25,238qmsbc,bert-base,0.676224017719297,True,bert-base,scientsbank-token_types-x,data,data/flat_semeval5way_test.csv,False,AdamW,linear_with_warmup,8,1e-05,24,bert-base-uncased,2,data/flat_semeval5way_train.csv,scientsbank,4,True,100,False,5.0,100,flat_semeval5way_test.csv,"[1024, 17000]",answer,flat_semeval5way_train.csv,{'weight_decay': 1e-05},{},,,,7475.0,0.6666666666666666,0.6666666666666666,0.0009301149984821676,,,0.6612108943159466,1605.0,0.6632821171352774,1614637379.0,5.968953430145218e-06,0.052081805170568714,0.0
26,ln0yefzk,bert-base,0.0,True,bert-base,scientsbank-token_types-1,data,data/flat_semeval5way_test.csv,False,AdamW,linear_with_warmup,8,1e-05,24,bert-base-uncased,2,data/flat_semeval5way_train.csv,scientsbank,4,True,100,False,5.0,100,flat_semeval5way_test.csv,"[1024, 17000]",answer,flat_semeval5way_train.csv,{'weight_decay': 1e-05},{},,,,,,,,,,,,,,,,
27,2vgr2pbe,bert-large,0.6205825802128152,True,bert-large,scientsbank-token_types-2,data,data/flat_semeval5way_test.csv,False,AdamW,linear_with_warmup,8,1e-05,24,bert-large-uncased,2,data/flat_semeval5way_train.csv,scientsbank,4,True,100,False,5.0,100,flat_semeval5way_test.csv,"[1024, 17000]",answer,flat_semeval5way_train.csv,{'weight_decay': 1e-05},{},,,,2412.0,0.6222222222222222,0.6222222222222222,0.8820984363555908,,,0.6205825802128152,936.0,0.6197793235560486,1614635135.0,9.132448673009515e-06,0.6094446280713633,0.625
28,sl8q36fe,bert-base,0.6939934493707139,True,bert-base,scientsbank-token_types-2,data,data/flat_semeval5way_test.csv,False,AdamW,linear_with_warmup,8,1e-05,24,bert-base-uncased,2,data/flat_semeval5way_train.csv,scientsbank,4,True,100,False,5.0,100,flat_semeval5way_test.csv,"[1024, 17000]",answer,flat_semeval5way_train.csv,{'weight_decay': 1e-05},{},,,,10590.0,0.6796296296296296,0.6796296296296296,0.00012718822108581662,,,0.6806136944701219,1516.0,0.6826430827646028,1614634190.0,4.022283425137707e-06,0.016839239992615145,0.0
29,ek942205,albert-large,0.42184199184333504,True,albert-large,scientsbank-token_types-1,data,data/flat_semeval5way_test.csv,False,AdamW,linear_with_warmup,8,1e-05,24,albert-large-v2,2,data/flat_semeval5way_train.csv,scientsbank,4,True,100,False,5.0,100,flat_semeval5way_test.csv,"[1024, 17000]",answer,flat_semeval5way_train.csv,{'weight_decay': 1e-05},{},,,,3737.0,0.5685185185185185,0.5685185185185185,1.0911283493041992,,,0.4121255848528576,1053.0,0.32321330589849107,1614632663.0,8.304957436154232e-06,0.6873420997256251,0.0
30,a0xggith,albert-base,0.4121255848528576,True,albert-base,scientsbank-token_types-1,data,data/flat_semeval5way_test.csv,False,AdamW,linear_with_warmup,8,1e-05,24,albert-base-v2,2,data/flat_semeval5way_train.csv,scientsbank,4,True,100,False,5.0,100,flat_semeval5way_test.csv,"[1024, 17000]",answer,flat_semeval5way_train.csv,{'weight_decay': 1e-05},{},,,,3737.0,0.43148148148148147,0.43148148148148147,0.35955414175987244,,,0.2601169086291984,396.0,0.18617626886145405,1614631602.0,8.304957436154232e-06,0.4935470332550274,0.0
31,2qljih5y,roberta-large,0.4121255848528576,True,roberta-large,scientsbank-token_types-1,data,data/flat_semeval5way_test.csv,False,AdamW,linear_with_warmup,8,1e-05,24,roberta-large,2,data/flat_semeval5way_train.csv,scientsbank,4,True,100,False,5.0,100,flat_semeval5way_test.csv,"[1024, 17000]",answer,flat_semeval5way_train.csv,{'weight_decay': 1e-05},{},,,,3737.0,0.5685185185185185,0.5685185185185185,0.8689675331115723,,,0.4121255848528576,1407.0,0.32321330589849107,1614631195.0,8.304957436154232e-06,0.6800782666137364,0.0
32,3hqy5b1a,roberta-base,0.7385783775236108,True,roberta-base,scientsbank-token_types-1,data,data/flat_semeval5way_test.csv,False,AdamW,linear_with_warmup,8,1e-05,24,roberta-base,2,data/flat_semeval5way_train.csv,scientsbank,4,True,100,False,5.0,100,flat_semeval5way_test.csv,"[1024, 17000]",answer,flat_semeval5way_train.csv,{'weight_decay': 1e-05},{},,,,14328.0,0.7296296296296296,0.7296296296296296,0.00033444532891735435,,,0.7232048473594367,2178.0,0.7311797600706325,1614629779.0,1.6862794191286931e-06,0.03912326350455903,0.0
33,17na95e0,bert-large,0.6847782041711616,True,bert-large,scientsbank-token_types-1,data,data/flat_semeval5way_test.csv,False,AdamW,linear_with_warmup,8,1e-05,24,bert-large-uncased,2,data/flat_semeval5way_train.csv,scientsbank,4,True,100,False,5.0,100,flat_semeval5way_test.csv,"[1024, 17000]",answer,flat_semeval5way_train.csv,{'weight_decay': 1e-05},{},,,,7475.0,0.687037037037037,0.687037037037037,0.0007774191326461732,,,0.6723523691869016,2846.0,0.6919407266734993,1614627591.0,5.968953430145218e-06,0.038364729692852886,0.0
34,3mruxst7,bert-base,0.6899352929133682,True,bert-base,scientsbank-token_types-1,data,data/flat_semeval5way_test.csv,False,AdamW,linear_with_warmup,8,1e-05,24,bert-base-uncased,2,data/flat_semeval5way_train.csv,scientsbank,4,True,100,False,5.0,100,flat_semeval5way_test.csv,"[1024, 17000]",answer,flat_semeval5way_train.csv,{'weight_decay': 1e-05},{},,,,7475.0,0.6777777777777778,0.6777777777777778,0.002571492223069072,,,0.6692383610403269,1131.0,0.6760636669727579,1614624736.0,5.968953430145218e-06,0.062014160648593226,0.0
35,vd2f1r3s,bert-large,0.781430381229174,True,bert-large,scientsbank-token_types-2,data,data/flat_semeval5way_test.csv,False,AdamW,linear_with_warmup,8,1e-05,24,bert-large-uncased,2,data/flat_semeval5way_train.csv,scientsbank,4,True,100,False,5.0,100,flat_semeval5way_test.csv,"[1024, 17000]",answer,flat_semeval5way_train.csv,{'weight_decay': 1e-05},{},,,,3737.0,0.7833333333333333,0.7833333333333333,0.007727727759629488,,,0.781430381229174,1473.0,0.7829954433117083,1614622882.0,8.304957436154232e-06,0.17633312164545298,0.0
36,22bdm7cb,bert-base,0.7585517002612352,True,bert-base,scientsbank-token_types-2,data,data/flat_semeval5way_test.csv,False,AdamW,linear_with_warmup,8,1e-05,24,bert-base-uncased,2,data/flat_semeval5way_train.csv,scientsbank,4,True,100,False,5.0,100,flat_semeval5way_test.csv,"[1024, 17000]",answer,flat_semeval5way_train.csv,{'weight_decay': 1e-05},{},,,,8721.0,0.7481481481481481,0.7481481481481481,0.0026793316937983036,,,0.7440260090387153,1301.0,0.748510936463931,1614621400.0,5.190285428142214e-06,0.051546365967948905,0.0
37,2j1wjvbh,albert-large,0.5630009247672081,True,albert-large,scientsbank-large,data,data/flat_semeval5way_test.csv,False,AdamW,linear_with_warmup,8,3e-06,24,albert-large-v2,2,data/flat_semeval5way_train.csv,scientsbank,4,,100,False,5.0,100,flat_semeval5way_test.csv,"[1024, 17000]",answer,flat_semeval5way_train.csv,{'weight_decay': 1e-05},{},,,,6852.0,0.5685185185185185,0.5685185185185185,0.8537225127220154,,,0.4121255848528576,1921.0,0.32321330589849107,1614308088.0,1.907486229344016e-06,0.6817942349377936,0.0
38,39t8vwb4,albert-large,0.0,True,albert-large,scientsbank-large,data,data/flat_semeval5way_test.csv,False,AdamW,linear_with_warmup,8,0.007,24,albert-large-v2,2,data/flat_semeval5way_train.csv,scientsbank,4,,100,False,5.0,100,flat_semeval5way_test.csv,"[1024, 17000]",answer,flat_semeval5way_train.csv,{'weight_decay': 1e-05},{},,,,621.0,,,3.5849406719207764,,,,185.0,,1614306127.0,0.004251953125,,0.0
39,2x01h3vn,albert-large,0.4121255848528576,True,albert-large,scientsbank-large,data,data/flat_semeval5way_test.csv,False,AdamW,linear_with_warmup,8,7e-06,24,albert-large-v2,2,data/flat_semeval5way_train.csv,scientsbank,4,,100,False,5.0,100,flat_semeval5way_test.csv,"[1024, 17000]",answer,flat_semeval5way_train.csv,{'weight_decay': 1e-05},{},,,,3737.0,0.5685185185185185,0.5685185185185185,0.6057504415512085,,,0.4121255848528576,1056.0,0.32321330589849107,1614304815.0,5.813470205307961e-06,0.6791166563030224,0.0
40,377ow84z,albert-large,0.4121255848528576,True,albert-large,scientsbank-large,data,data/flat_semeval5way_test.csv,False,AdamW,linear_with_warmup,8,0.0007,24,albert-large-v2,2,data/flat_semeval5way_train.csv,scientsbank,4,,100,False,5.0,100,flat_semeval5way_test.csv,"[1024, 17000]",answer,flat_semeval5way_train.csv,{'weight_decay': 1e-05},{},,,,6229.0,0.5685185185185185,0.5685185185185185,0.5790449380874634,,,0.4121255848528576,1736.0,0.32321330589849107,1614293498.0,0.00047233350025037554,0.7173829555415647,0.0
41,4b47e7sq,albert-base-squad2,0.8077689300694185,True,albert-base-squad2,beetlebeetle-3,data,data/flat_semeval5way_test.csv,False,AdamW,linear_with_warmup,8,1e-05,24,twmkn9/albert-base-v2-squad2,2,data/flat_semeval5way_train.csv,beetle,4,,100,False,5.0,100,flat_semeval5way_test.csv,"[1024, 17000]",answer,flat_semeval5way_train.csv,{'weight_decay': 1e-05},{},,,,5906.0,0.8055555555555556,0.8055555555555556,0.0027341966051608324,,,0.8069662398831121,443.0,0.8100524400257896,1614049745.0,6.950425638457687e-06,0.1089599780195806,1.0
42,21hrqqcx,bert-base-squad2,0.8976584309401049,True,bert-base-squad2,beetlebeetle-3,data,data/flat_semeval5way_test.csv,False,AdamW,linear_with_warmup,8,1e-05,24,twmkn9/bert-base-uncased-squad2,2,data/flat_semeval5way_train.csv,beetle,4,,100,False,5.0,100,flat_semeval5way_test.csv,"[1024, 17000]",answer,flat_semeval5way_train.csv,{'weight_decay': 1e-05},{},,,,8054.0,0.8910256410256411,0.8910256410256411,0.08183231204748154,,,0.89142704216349,992.0,0.892241322094644,1614049294.0,5.608412618928392e-06,0.03342226276376394,1.0
43,3b2oms9i,distilroberta-base-squad2,0.8870562086045171,True,distilroberta-base-squad2,beetlebeetle-3,data,data/flat_semeval5way_test.csv,False,AdamW,linear_with_warmup,8,1e-05,24,twmkn9/distilroberta-base-squad2,2,data/flat_semeval5way_train.csv,beetle,4,,100,False,5.0,100,flat_semeval5way_test.csv,"[1024, 17000]",answer,flat_semeval5way_train.csv,{'weight_decay': 1e-05},{},,,,8591.0,0.8696581196581197,0.8696581196581197,0.007540464401245117,,,0.8708963734178139,1295.0,0.8756853480288024,1614048294.0,5.27290936404607e-06,0.12563882203822185,1.0
44,rsuxma90,roberta-base-squad2,0.9021189458689458,True,roberta-base-squad2,beetlebeetle-3,data,data/flat_semeval5way_test.csv,False,AdamW,linear_with_warmup,8,1e-05,24,deepset/roberta-base-squad2,2,data/flat_semeval5way_train.csv,beetle,4,,100,False,5.0,100,flat_semeval5way_test.csv,"[1024, 17000]",answer,flat_semeval5way_train.csv,{'weight_decay': 1e-05},{},,,,9128.0,0.8760683760683761,0.8760683760683761,0.8390361070632935,,,0.8773679630062609,1131.0,0.8833282306416635,1614046991.0,4.937406109163746e-06,0.0908305890411408,0.75
45,32p86rtw,distilbert-base-squad2,0.888347649975557,True,distilbert-base-squad2,beetlebeetle-3,data,data/flat_semeval5way_test.csv,False,AdamW,linear_with_warmup,8,1e-05,24,twmkn9/distilbert-base-uncased-squad2,2,data/flat_semeval5way_train.csv,beetle,4,,100,False,5.0,100,flat_semeval5way_test.csv,"[1024, 17000]",answer,flat_semeval5way_train.csv,{'weight_decay': 1e-05},{},,,,12887.0,0.8824786324786325,0.8824786324786325,0.0004897494800388813,,,0.8829115160586655,862.0,0.8837528176613595,1614045852.0,2.588883324987481e-06,0.024499332547300093,1.0
46,2nxwh65v,distilroberta,0.8846153846153846,True,distilroberta,beetlebeetle-3,data,data/flat_semeval5way_test.csv,False,AdamW,linear_with_warmup,8,1e-05,24,distilroberta-base,2,data/flat_semeval5way_train.csv,beetle,4,,100,False,5.0,100,flat_semeval5way_test.csv,"[1024, 17000]",answer,flat_semeval5way_train.csv,{'weight_decay': 1e-05},{},,,,12887.0,0.8803418803418803,0.8803418803418803,0.046043191105127335,,,0.8807235391101931,873.0,0.8814049198664584,1614044982.0,2.588883324987481e-06,0.06223486825419697,1.0
47,2zg2ng33,distilbert-base,0.8932806245404532,True,distilbert-base,beetlebeetle-3,data,data/flat_semeval5way_test.csv,False,AdamW,linear_with_warmup,8,1e-05,24,distilbert-base-uncased,2,data/flat_semeval5way_train.csv,beetle,4,,100,False,5.0,100,flat_semeval5way_test.csv,"[1024, 17000]",answer,flat_semeval5way_train.csv,{'weight_decay': 1e-05},{},,,,6443.0,0.8867521367521367,0.8867521367521367,0.03629033267498016,,,0.8871692791110777,454.0,0.8879970698780018,1614044101.0,6.614922383575364e-06,0.050936726006199674,1.0
48,xlaiu1tp,albert-large,0.479442195231669,True,albert-large,beetlebeetle-3,data,data/flat_semeval5way_test.csv,False,AdamW,linear_with_warmup,8,1e-05,24,albert-large-v2,2,data/flat_semeval5way_train.csv,beetle,4,,100,False,5.0,100,flat_semeval5way_test.csv,"[1024, 17000]",answer,flat_semeval5way_train.csv,{'weight_decay': 1e-05},{},,,,3221.0,0.6239316239316239,0.6239316239316239,0.6436000466346741,,,0.479442195231669,484.0,0.3892906713419534,1614043639.0,8.627941912869304e-06,0.6790988476418737,0.75
49,ce8hfp9w,albert-base,0.8433584153734232,True,albert-base,beetlebeetle-3,data,data/flat_semeval5way_test.csv,False,AdamW,linear_with_warmup,8,1e-05,24,albert-base-v2,2,data/flat_semeval5way_train.csv,beetle,4,,100,False,5.0,100,flat_semeval5way_test.csv,"[1024, 17000]",answer,flat_semeval5way_train.csv,{'weight_decay': 1e-05},{},,,,7517.0,0.8397435897435898,0.8397435897435898,0.08744218200445175,,,0.839833140650929,563.0,0.839930644229089,1614043148.0,5.943915873810716e-06,0.09695337318863942,1.0
50,xpdm71ti,roberta-large,0.8789876214677693,True,roberta-large,beetlebeetle-3,data,data/flat_semeval5way_test.csv,False,AdamW,linear_with_warmup,8,1e-05,24,roberta-large,2,data/flat_semeval5way_train.csv,beetle,4,,100,False,5.0,100,flat_semeval5way_test.csv,"[1024, 17000]",answer,flat_semeval5way_train.csv,{'weight_decay': 1e-05},{},,,,10202.0,0.8589743589743589,0.8589743589743589,0.0003254417679272592,,,0.8609373532450455,2504.0,0.8742289672453776,1614042574.0,4.266399599399099e-06,0.06450542712190693,1.0
51,1xxv2t68,roberta-base,0.88912996685178,True,roberta-base,beetlebeetle-3,data,data/flat_semeval5way_test.csv,False,AdamW,linear_with_warmup,8,1e-05,24,roberta-base,2,data/flat_semeval5way_train.csv,beetle,4,,100,False,5.0,100,flat_semeval5way_test.csv,"[1024, 17000]",answer,flat_semeval5way_train.csv,{'weight_decay': 1e-05},{},,,,6980.0,0.8739316239316239,0.8739316239316239,0.009723430499434473,,,0.875040056138737,899.0,0.8790770483078176,1614040062.0,6.279419128693041e-06,0.13628896682544042,1.0
52,2yrdjb9g,bert-large,0.898137946800587,True,bert-large,beetlebeetle-3,data,data/flat_semeval5way_test.csv,False,AdamW,linear_with_warmup,8,1e-05,24,bert-large-uncased,2,data/flat_semeval5way_train.csv,beetle,4,,100,False,5.0,100,flat_semeval5way_test.csv,"[1024, 17000]",answer,flat_semeval5way_train.csv,{'weight_decay': 1e-05},{},,,,8054.0,0.8782051282051282,0.8782051282051282,6.764852878404781e-05,,,0.8784053098324268,1946.0,0.8786805907681206,1614039152.0,5.608412618928392e-06,0.026189434788240977,1.0
53,1fkyddwv,bert-base,0.8810591118283425,True,bert-base,beetlebeetle-3,data,data/flat_semeval5way_test.csv,False,AdamW,linear_with_warmup,8,1e-05,24,bert-base-uncased,2,data/flat_semeval5way_train.csv,beetle,4,,100,False,5.0,100,flat_semeval5way_test.csv,"[1024, 17000]",answer,flat_semeval5way_train.csv,{'weight_decay': 1e-05},{},,,,8054.0,0.8760683760683761,0.8760683760683761,0.3393774628639221,,,0.8771122848861366,998.0,0.8807946679118325,1614037198.0,5.608412618928392e-06,0.027633861048221364,0.875
54,18i0o3x5,albert-base-squad2,0.8200917856090271,True,albert-base-squad2,beetlebeetle-2,data,data/flat_semeval5way_test.csv,False,AdamW,linear_with_warmup,8,1e-05,24,twmkn9/albert-base-v2-squad2,2,data/flat_semeval5way_train.csv,beetle,4,,100,False,5.0,100,flat_semeval5way_test.csv,"[1024, 17000]",answer,flat_semeval5way_train.csv,{'weight_decay': 1e-05},{},,,,8591.0,0.8012820512820513,0.8012820512820513,0.0006237424677237868,,,0.8030292410322465,637.0,0.8074387151310228,1614036192.0,5.27290936404607e-06,0.044304146664814394,1.0
55,307twu8l,bert-base-squad2,0.8993976420598113,True,bert-base-squad2,beetlebeetle-2,data,data/flat_semeval5way_test.csv,False,AdamW,linear_with_warmup,8,1e-05,24,twmkn9/bert-base-uncased-squad2,2,data/flat_semeval5way_train.csv,beetle,4,,100,False,5.0,100,flat_semeval5way_test.csv,"[1024, 17000]",answer,flat_semeval5way_train.csv,{'weight_decay': 1e-05},{},,,,9128.0,0.8910256410256411,0.8910256410256411,0.004166343715041876,,,0.8905654682745833,1090.0,0.8905292460733675,1614035547.0,4.937406109163746e-06,0.029193718951658537,1.0
56,1bqcxmlf,distilroberta-base-squad2,0.880061190406018,True,distilroberta-base-squad2,beetlebeetle-2,data,data/flat_semeval5way_test.csv,False,AdamW,linear_with_warmup,8,1e-05,24,twmkn9/distilroberta-base-squad2,2,data/flat_semeval5way_train.csv,beetle,4,,100,False,5.0,100,flat_semeval5way_test.csv,"[1024, 17000]",answer,flat_semeval5way_train.csv,{'weight_decay': 1e-05},{},,,,12887.0,0.8547008547008547,0.8547008547008547,0.0016502058133482933,,,0.8550161104984818,895.0,0.8554605887939222,1614034448.0,2.588883324987481e-06,0.07179727420339417,1.0
57,ay0ti5uf,roberta-base-squad2,0.8849834127134004,True,roberta-base-squad2,beetlebeetle-2,data,data/flat_semeval5way_test.csv,False,AdamW,linear_with_warmup,8,1e-05,24,deepset/roberta-base-squad2,2,data/flat_semeval5way_train.csv,beetle,4,,100,False,5.0,100,flat_semeval5way_test.csv,"[1024, 17000]",answer,flat_semeval5way_train.csv,{'weight_decay': 1e-05},{},,,,7517.0,0.8717948717948718,0.8717948717948718,0.007976981811225414,,,0.8726724335007338,933.0,0.8751453897610656,1614033544.0,5.943915873810716e-06,0.1169383556335737,1.0
58,aipicd1s,distilbert-base-squad2,0.9061868950284294,True,distilbert-base-squad2,beetlebeetle-2,data,data/flat_semeval5way_test.csv,False,AdamW,linear_with_warmup,8,1e-05,24,twmkn9/distilbert-base-uncased-squad2,2,data/flat_semeval5way_train.csv,beetle,4,,100,False,5.0,100,flat_semeval5way_test.csv,"[1024, 17000]",answer,flat_semeval5way_train.csv,{'weight_decay': 1e-05},{},,,,12887.0,0.8867521367521367,0.8867521367521367,0.0006039354484528303,,,0.8879035909624146,864.0,0.8933962220469105,1614032602.0,2.588883324987481e-06,0.023091402982206105,1.0
59,2clxn96i,distilroberta,0.8809522986857576,True,distilroberta,beetlebeetle-2,data,data/flat_semeval5way_test.csv,False,AdamW,linear_with_warmup,8,1e-05,24,distilroberta-base,2,data/flat_semeval5way_train.csv,beetle,4,,100,False,5.0,100,flat_semeval5way_test.csv,"[1024, 17000]",answer,flat_semeval5way_train.csv,{'weight_decay': 1e-05},{},,,,6980.0,0.8568376068376068,0.8568376068376068,0.0370890237390995,,,0.8584672342269345,511.0,0.8658408027308482,1614031729.0,6.279419128693041e-06,0.13927937614333594,1.0
60,2sbg632j,distilbert-base,0.89142704216349,True,distilbert-base,beetlebeetle-2,data,data/flat_semeval5way_test.csv,False,AdamW,linear_with_warmup,8,1e-05,24,distilbert-base-uncased,2,data/flat_semeval5way_train.csv,beetle,4,,100,False,5.0,100,flat_semeval5way_test.csv,"[1024, 17000]",answer,flat_semeval5way_train.csv,{'weight_decay': 1e-05},{},,,,9128.0,0.8824786324786325,0.8824786324786325,0.008046713657677174,,,0.8837472919886097,614.0,0.8901081837523226,1614031210.0,4.937406109163746e-06,0.02340986763738329,1.0
61,5bw20ac2,albert-large,0.479442195231669,True,albert-large,beetlebeetle-2,data,data/flat_semeval5way_test.csv,False,AdamW,linear_with_warmup,8,1e-05,24,albert-large-v2,2,data/flat_semeval5way_train.csv,beetle,4,,100,False,5.0,100,flat_semeval5way_test.csv,"[1024, 17000]",answer,flat_semeval5way_train.csv,{'weight_decay': 1e-05},{},,,,3221.0,0.6239316239316239,0.6239316239316239,0.7665589451789856,,,0.479442195231669,475.0,0.3892906713419534,1614030588.0,8.627941912869304e-06,0.6752873901555787,0.5
62,12xwwjt8,albert-base,0.8424987057524967,True,albert-base,beetlebeetle-2,data,data/flat_semeval5way_test.csv,False,AdamW,linear_with_warmup,8,1e-05,24,albert-base-v2,2,data/flat_semeval5way_train.csv,beetle,4,,100,False,5.0,100,flat_semeval5way_test.csv,"[1024, 17000]",answer,flat_semeval5way_train.csv,{'weight_decay': 1e-05},{},,,,11276.0,0.8376068376068376,0.8376068376068376,0.0004932152223773301,,,0.8376068376068377,842.0,0.8376068376068376,1614030105.0,3.595393089634452e-06,0.023059017645644064,1.0
63,2ht4csf5,roberta-large,0.8964909623450716,True,roberta-large,beetlebeetle-2,data,data/flat_semeval5way_test.csv,False,AdamW,linear_with_warmup,8,1e-05,24,roberta-large,2,data/flat_semeval5way_train.csv,beetle,4,,100,False,5.0,100,flat_semeval5way_test.csv,"[1024, 17000]",answer,flat_semeval5way_train.csv,{'weight_decay': 1e-05},{},,,,10202.0,0.8760683760683761,0.8760683760683761,0.005510370712727308,,,0.8773679630062609,2528.0,0.8833282306416635,1614029253.0,4.266399599399099e-06,0.06815143944398037,1.0
64,2k9zrrkb,roberta-base,0.8918162443300955,True,roberta-base,beetlebeetle-2,data,data/flat_semeval5way_test.csv,False,AdamW,linear_with_warmup,8,1e-05,24,roberta-base,2,data/flat_semeval5way_train.csv,beetle,4,,100,False,5.0,100,flat_semeval5way_test.csv,"[1024, 17000]",answer,flat_semeval5way_train.csv,{'weight_decay': 1e-05},{},,,,6980.0,0.8888888888888888,0.8888888888888888,0.022866159677505493,,,0.8886282482341596,886.0,0.888504783853621,1614026717.0,6.279419128693041e-06,0.14244146016165754,1.0
65,38dwjr5w,bert-large,0.9043800876261608,True,bert-large,beetlebeetle-2,data,data/flat_semeval5way_test.csv,False,AdamW,linear_with_warmup,8,1e-05,24,bert-large-uncased,2,data/flat_semeval5way_train.csv,beetle,4,,100,False,5.0,100,flat_semeval5way_test.csv,"[1024, 17000]",answer,flat_semeval5way_train.csv,{'weight_decay': 1e-05},{},,,,6443.0,0.8910256410256411,0.8910256410256411,0.0004428989486768842,,,0.8923813954715895,1566.0,0.9016076007580256,1614025821.0,6.614922383575364e-06,0.03782563988080703,1.0
66,hyd7o6ib,bert-base,0.8815966539370795,True,bert-base,beetlebeetle-2,data,data/flat_semeval5way_test.csv,False,AdamW,linear_with_warmup,8,1e-05,24,bert-base-uncased,2,data/flat_semeval5way_train.csv,beetle,4,,100,False,5.0,100,flat_semeval5way_test.csv,"[1024, 17000]",answer,flat_semeval5way_train.csv,{'weight_decay': 1e-05},{},,,,8054.0,0.8611111111111112,0.8611111111111112,0.007698601111769676,,,0.8629643749735247,1007.0,0.8744680284319211,1614024247.0,5.608412618928392e-06,0.03481435950520994,1.0
67,1z15ocj6,albert-base-squad2,0.839983547684425,True,albert-base-squad2,beetlebeetle-1,data,data/flat_semeval5way_test.csv,False,AdamW,linear_with_warmup,8,1e-05,24,twmkn9/albert-base-v2-squad2,2,data/flat_semeval5way_train.csv,beetle,4,,100,False,5.0,100,flat_semeval5way_test.csv,"[1024, 17000]",answer,flat_semeval5way_train.csv,{'weight_decay': 1e-05},{},,,,8054.0,0.8311965811965812,0.8311965811965812,0.0005652444087900221,,,0.8326807531349191,579.0,0.8369368523214676,1614023232.0,5.608412618928392e-06,0.040344983683505926,1.0
68,1r5y32j9,bert-base-squad2,0.892779297599519,True,bert-base-squad2,beetlebeetle-1,data,data/flat_semeval5way_test.csv,False,AdamW,linear_with_warmup,8,1e-05,24,twmkn9/bert-base-uncased-squad2,2,data/flat_semeval5way_train.csv,beetle,4,,100,False,5.0,100,flat_semeval5way_test.csv,"[1024, 17000]",answer,flat_semeval5way_train.csv,{'weight_decay': 1e-05},{},,,,6443.0,0.8867521367521367,0.8867521367521367,0.003392081242054701,,,0.8869382705459407,817.0,0.8872003379745352,1614022644.0,6.614922383575364e-06,0.05921351924645471,1.0
69,2n3tv79j,distilroberta-base-squad2,0.8815191739621298,True,distilroberta-base-squad2,beetlebeetle-1,data,data/flat_semeval5way_test.csv,False,AdamW,linear_with_warmup,8,1e-05,24,twmkn9/distilroberta-base-squad2,2,data/flat_semeval5way_train.csv,beetle,4,,100,False,5.0,100,flat_semeval5way_test.csv,"[1024, 17000]",answer,flat_semeval5way_train.csv,{'weight_decay': 1e-05},{},,,,8054.0,0.8589743589743589,0.8589743589743589,0.0057973917573690414,,,0.8604531992829866,553.0,0.8664944508228091,1614021819.0,5.608412618928392e-06,0.11692385464092654,1.0
70,12tat8nu,roberta-base-squad2,0.8811609379340183,True,roberta-base-squad2,beetlebeetle-1,data,data/flat_semeval5way_test.csv,False,AdamW,linear_with_warmup,8,1e-05,24,deepset/roberta-base-squad2,2,data/flat_semeval5way_train.csv,beetle,4,,100,False,5.0,100,flat_semeval5way_test.csv,"[1024, 17000]",answer,flat_semeval5way_train.csv,{'weight_decay': 1e-05},{},,,,7517.0,0.8782051282051282,0.8782051282051282,0.034501541405916214,,,0.8794434846199554,925.0,0.8849777435456762,1614021257.0,5.943915873810716e-06,0.11006331010780264,1.0
71,26345i1e,distilbert-base-squad2,0.8765847578347576,True,distilbert-base-squad2,beetlebeetle-1,data,data/flat_semeval5way_test.csv,False,AdamW,linear_with_warmup,8,1e-05,24,twmkn9/distilbert-base-uncased-squad2,2,data/flat_semeval5way_train.csv,beetle,4,,100,False,5.0,100,flat_semeval5way_test.csv,"[1024, 17000]",answer,flat_semeval5way_train.csv,{'weight_decay': 1e-05},{},,,,10739.0,0.8504273504273504,0.8504273504273504,0.001007252954877913,,,0.8525093140477756,701.0,0.8658014620925798,1614020324.0,3.930896344516775e-06,0.029720339326056784,1.0
72,2kg72v22,distilroberta,0.8708041258383553,True,distilroberta,beetlebeetle-1,data,data/flat_semeval5way_test.csv,False,AdamW,linear_with_warmup,8,1e-05,24,distilroberta-base,2,data/flat_semeval5way_train.csv,beetle,4,,100,False,5.0,100,flat_semeval5way_test.csv,"[1024, 17000]",answer,flat_semeval5way_train.csv,{'weight_decay': 1e-05},{},,,,4832.0,0.8482905982905983,0.8482905982905983,0.08234544843435287,,,0.8506319344544849,342.0,0.8730526992358202,1614019615.0,7.621432148222334e-06,0.20896446473945152,1.0
73,hhvjxvr4,distilbert-base,0.892779297599519,True,distilbert-base,beetlebeetle-1,data,data/flat_semeval5way_test.csv,False,AdamW,linear_with_warmup,8,1e-05,24,distilbert-base-uncased,2,data/flat_semeval5way_train.csv,beetle,4,,100,False,5.0,100,flat_semeval5way_test.csv,"[1024, 17000]",answer,flat_semeval5way_train.csv,{'weight_decay': 1e-05},{},,,,5369.0,0.8910256410256411,0.8910256410256411,0.01263587735593319,,,0.8902753160817678,384.0,0.8905813658288906,1614019265.0,7.285928893340011e-06,0.07294567362020929,1.0
74,7rusno3e,albert-large,0.4920349953133958,True,albert-large,beetlebeetle-1,data,data/flat_semeval5way_test.csv,False,AdamW,linear_with_warmup,8,1e-05,24,albert-large-v2,2,data/flat_semeval5way_train.csv,beetle,4,,100,False,5.0,100,flat_semeval5way_test.csv,"[1024, 17000]",answer,flat_semeval5way_train.csv,{'weight_decay': 1e-05},{},,,,3221.0,0.6239316239316239,0.6239316239316239,0.5275289416313171,,,0.479442195231669,478.0,0.3892906713419534,1614018873.0,8.627941912869304e-06,0.673827279637109,0.875
75,37zy0hai,albert-base,0.858812086661916,True,albert-base,beetlebeetle-1,data,data/flat_semeval5way_test.csv,False,AdamW,linear_with_warmup,8,1e-05,24,albert-base-v2,2,data/flat_semeval5way_train.csv,beetle,4,,100,False,5.0,100,flat_semeval5way_test.csv,"[1024, 17000]",answer,flat_semeval5way_train.csv,{'weight_decay': 1e-05},{},,,,10202.0,0.8354700854700855,0.8354700854700855,0.0011262426851317286,,,0.8338684978485239,745.0,0.8341011928322507,1614018388.0,4.266399599399099e-06,0.05843046812789446,1.0
76,2eyxkvx0,roberta-large,0.8729681056379753,True,roberta-large,beetlebeetle-1,data,data/flat_semeval5way_test.csv,False,AdamW,linear_with_warmup,8,1e-05,24,roberta-large,2,data/flat_semeval5way_train.csv,beetle,4,,100,False,5.0,100,flat_semeval5way_test.csv,"[1024, 17000]",answer,flat_semeval5way_train.csv,{'weight_decay': 1e-05},{},,,,7517.0,0.8568376068376068,0.8568376068376068,0.0035771578550338745,,,0.8572219995566536,1893.0,0.8578085586575008,1614017632.0,5.943915873810716e-06,0.10435282846512238,1.0
77,2owzw8vf,roberta-base,0.8955802683324781,True,roberta-base,beetlebeetle-1,data,data/flat_semeval5way_test.csv,False,AdamW,linear_with_warmup,8,1e-05,24,roberta-base,2,data/flat_semeval5way_train.csv,beetle,4,,100,False,5.0,100,flat_semeval5way_test.csv,"[1024, 17000]",answer,flat_semeval5way_train.csv,{'weight_decay': 1e-05},{},,,,9665.0,0.8910256410256411,0.8910256410256411,0.002418390940874815,,,0.8912047509026976,1188.0,0.8914602115777426,1614015731.0,4.601902854281423e-06,0.0911449403712724,1.0
78,9c9fsnl5,bert-large,0.9038998843905574,True,bert-large,beetlebeetle-1,data,data/flat_semeval5way_test.csv,False,AdamW,linear_with_warmup,8,1e-05,24,bert-large-uncased,2,data/flat_semeval5way_train.csv,beetle,4,,100,False,5.0,100,flat_semeval5way_test.csv,"[1024, 17000]",answer,flat_semeval5way_train.csv,{'weight_decay': 1e-05},{},,,,12887.0,0.8974358974358975,0.8974358974358975,0.00010660815314622596,,,0.8982998219747337,3266.0,0.9018727654065152,1614014533.0,2.588883324987481e-06,0.007839630443542583,1.0
79,1hghnl1f,bert-base,0.8753666689461065,True,bert-base,beetlebeetle-1,data,data/flat_semeval5way_test.csv,False,AdamW,linear_with_warmup,8,1e-05,24,bert-base-uncased,2,data/flat_semeval5way_train.csv,beetle,4,,100,False,5.0,100,flat_semeval5way_test.csv,"[1024, 17000]",answer,flat_semeval5way_train.csv,{'weight_decay': 1e-05},{},,,,9128.0,0.8696581196581197,0.8696581196581197,0.0005610869848169386,,,0.8703818965599069,1116.0,0.8720918789999803,1614011258.0,4.937406109163746e-06,0.021047841701961736,1.0
80,3gbt4f0x,scratch-albert-large,0.0,True,scratch-albert-large,scratch-htune,data,data/flat_semeval5way_test.csv,False,AdamW,linear_with_warmup,8,1e-05,35,albert-large-v2,2,data/flat_semeval5way_train.csv,scientsbank,4,,100,True,,100,flat_semeval5way_test.csv,"[1024, 17000]",answer,flat_semeval5way_train.csv,{'weight_decay': 1e-05},{},,,,4.0,,,0.977950394153595,,,,23.0,,1613351669.0,4.8828125e-08,,0.375
81,vfvsf7lh,scratch-albert-large,0.0,True,scratch-albert-large,scratch-htune,data,data/flat_semeval5way_test.csv,False,AdamW,linear_with_warmup,8,1e-05,35,albert-large-v2,2,data/flat_semeval5way_train.csv,scientsbank,4,,100,True,,100,flat_semeval5way_test.csv,"[1024, 17000]",answer,flat_semeval5way_train.csv,{'weight_decay': 1e-05},{},,,,12.0,,,0.590916633605957,,,,26.0,,1613350897.0,1.2695312500000004e-07,,0.75
82,3lwnozf0,scratch-bert-large,0.0,True,scratch-bert-large,scratch-htune,data,data/flat_semeval5way_test.csv,False,AdamW,linear_with_warmup,8,1e-05,35,bert-large-uncased,2,data/flat_semeval5way_train.csv,scientsbank,4,,100,True,,100,flat_semeval5way_test.csv,"[1024, 17000]",answer,flat_semeval5way_train.csv,{'weight_decay': 1e-05},{},,,,1.0,,,0.5472595691680908,,,,39.0,,1613350175.0,1.953125e-08,,0.875
83,3mv2s8vq,scratch-bert-large,0.0,True,scratch-bert-large,scratch-htune,data,data/flat_semeval5way_test.csv,False,AdamW,linear_with_warmup,8,1e-05,35,bert-large-uncased,2,data/flat_semeval5way_train.csv,scientsbank,4,,100,True,,100,flat_semeval5way_test.csv,"[1024, 17000]",answer,flat_semeval5way_train.csv,{'weight_decay': 1e-05},{},,,,0.0,,,0.8207413554191589,,,,48.0,,1613349678.0,9.765625e-09,,0.375
84,1x7t4aim,scratch-bert-large,0.0,True,scratch-bert-large,scratch-htune,data,data/flat_semeval5way_test.csv,False,AdamW,constant_with_warmup,8,1e-05,35,bert-base-large,2,data/flat_semeval5way_train.csv,scientsbank,4,,100,True,,100,flat_semeval5way_test.csv,[2000],answer,flat_semeval5way_train.csv,{'weight_decay': 1e-06},{},,,,,,,,,,,,,,,,
85,q0yq5dqa,scratch-bert-base,0.7164375569565455,True,scratch-bert-base,scratch-htune,data,data/flat_semeval5way_test.csv,False,AdamW,constant_with_warmup,8,1e-05,35,bert-base-uncased,2,data/flat_semeval5way_train.csv,scientsbank,4,,100,True,,100,flat_semeval5way_test.csv,[2000],answer,flat_semeval5way_train.csv,{'weight_decay': 1e-06},{},,,,21804.0,0.7074074074074074,0.7074074074074074,0.019315719604492188,,,0.7087774681624098,4186.0,0.7179010059159872,1613347959.0,1e-05,0.12381806260632151,0.0
86,33ar5o0u,scratch-bert-base,0.420445395666345,True,scratch-bert-base,scratch-htune,data,data/flat_semeval5way_test.csv,False,AdamW,constant_with_warmup,8,0.0001,35,bert-base-uncased,2,data/flat_semeval5way_train.csv,scientsbank,4,,100,True,,100,flat_semeval5way_test.csv,[2000],answer,flat_semeval5way_train.csv,{'weight_decay': 0.0001},{},,,,3995.0,0.5685185185185185,0.5685185185185185,0.6490669846534729,,,0.4121255848528576,601.0,0.32321330589849107,1613343733.0,0.0001,0.6867307142333585,0.875
87,3nv1mcap,scratch-bert-base,0.69887541097216,True,scratch-bert-base,scratch-htune,data,data/flat_semeval5way_test.csv,False,AdamW,constant_with_warmup,8,1e-05,35,bert-base-uncased,2,data/flat_semeval5way_train.csv,scientsbank,4,,100,True,,100,flat_semeval5way_test.csv,[2000],answer,flat_semeval5way_train.csv,{'weight_decay': 1e-07},{},,,,21804.0,0.6925925925925925,0.6925925925925925,0.010408523492515089,,,0.6891767600981801,3138.0,0.6901384713417865,1613340536.0,1e-05,0.15821878575657006,0.0
88,2b5crh51,scratch-bert-base,0.6897962962962964,True,scratch-bert-base,scratch-htune,data,data/flat_semeval5way_test.csv,False,AdamW,constant_with_warmup,8,5e-06,35,bert-base-uncased,2,data/flat_semeval5way_train.csv,scientsbank,4,,100,True,,100,flat_semeval5way_test.csv,[2000],answer,flat_semeval5way_train.csv,{'weight_decay': 1e-07},{},,,,21419.0,0.6888888888888889,0.6888888888888889,0.03333176672458649,,,0.6897962962962964,3194.0,0.691627247869389,1613337344.0,5e-06,0.26789769452062234,1.0
89,9p6jk5vx,scratch-h1,0.7019707320340232,True,scratch-h1,scratch-htune,data,data/flat_semeval5way_test.csv,False,AdamW,linear_with_warmup,8,1e-05,35,bert-base-uncased,2,data/flat_semeval5way_train.csv,scientsbank,4,,100,True,,100,flat_semeval5way_test.csv,"[2000, 27000]",answer,flat_semeval5way_train.csv,{'weight_decay': 1e-07},{},,,,21804.0,0.6981481481481482,0.6981481481481482,0.033905889838933945,,,0.6967276262828631,3145.0,0.6963967029882467,1613332760.0,2.092e-06,0.19517325116935336,0.0
90,31yq1ic9,scratch-bert-base,0.6974333358496183,True,scratch-bert-base,scratch-htune,data,data/flat_semeval5way_test.csv,False,AdamW,linear_with_warmup,8,1e-05,35,bert-base-uncased,2,data/flat_semeval5way_train.csv,scientsbank,4,,100,True,,100,flat_semeval5way_test.csv,"[1024, 17000]",answer,flat_semeval5way_train.csv,{'weight_decay': 1e-07},{},,,,21804.0,0.6851851851851852,0.6851851851851852,0.03381911665201187,,,0.6833439027861496,3145.0,0.6830432650897766,1613329078.0,0.0,0.23304846904980217,0.0
91,1ak9pajq,bert-base,0.7959534569632747,True,bert-base,htune,data,data/flat_semeval5way_test.csv,False,AdamW,linear_with_warmup,8,1e-05,35,bert-base-uncased,2,data/flat_semeval5way_train.csv,scientsbank,4,,100,False,,100,flat_semeval5way_test.csv,"[1024, 17000]",answer,flat_semeval5way_train.csv,{'weight_decay': 1e-07},{},,,,21804.0,0.7870370370370371,0.7870370370370371,9.91772103589028e-05,,,0.7871953329241357,3116.0,0.7874025341130604,1613325905.0,0.0,0.002660558299265182,0.0
92,2746ogqj,h1,0.2601169086291984,True,h1,htune,data,data/flat_semeval5way_test.csv,False,AdamW,linear_with_warmup,8,1e-05,35,bert-base-uncased,2,data/flat_semeval5way_train.csv,scientsbank,4,,100,False,,100,flat_semeval5way_test.csv,"[2000, 27000]",answer,flat_semeval5way_train.csv,{'weight_decay': 1e-07},{},1.0,,,5296.0,0.43148148148148147,0.43148148148148147,1.0,,,0.2601169086291984,762.0,0.18617626886145405,1613322273.0,8.684400000000001e-06,0.7902895068911494,0.625
93,3ipsbh14,scratch-h1,0.2601169086291984,True,scratch-h1,scratch-htune,data,data/flat_semeval5way_test.csv,False,AdamW,linear_with_warmup,8,1e-05,35,bert-base-uncased,2,data/flat_semeval5way_train.csv,scientsbank,4,,100,True,,100,flat_semeval5way_test.csv,"[2000, 27000]",answer,flat_semeval5way_train.csv,{'weight_decay': 1e-07},{},1.0,,,15879.0,0.43148148148148147,0.43148148148148147,1.0,,,0.2601169086291984,3229.0,0.18617626886145405,1613321151.0,4.458e-06,0.7228375506554385,0.25
94,3e477gnz,scratch-h1,0.0,True,scratch-h1,scratch-htune,data,data/flat_semeval5way_test.csv,False,AdamW,linear_with_warmup,8,1e-05,35,roberta-large,2,data/flat_semeval5way_train.csv,scientsbank,4,,100,True,,100,flat_semeval5way_test.csv,"[2000, 27000]",answer,flat_semeval5way_train.csv,{'weight_decay': 1e-07},{},1.0,,,0.0,,,1.0,,,,48.0,,1613317877.0,5e-09,,0.875
95,23ufq5hv,scratch-h1,0.4121255848528576,True,scratch-h1,scratch-htune,data,data/flat_semeval5way_test.csv,False,AdamW,linear_with_warmup,8,1e-05,35,bert-base-uncased,2,data/flat_semeval5way_train.csv,scientsbank,4,,100,True,,100,flat_semeval5way_test.csv,"[2000, 27000]",answer,flat_semeval5way_train.csv,{'weight_decay': 1e-07},{},1.0,,,662.0,0.5685185185185185,0.5685185185185185,1.0,,,0.4121255848528576,119.0,0.32321330589849107,1613316617.0,3.3100000000000005e-06,0.6775449776956123,0.5
96,2yg2gjs8,scratch-h1,0.0,True,scratch-h1,scratch-htune,data,data/flat_semeval5way_test.csv,False,AdamW,linear_with_warmup,8,1e-05,35,bert-base-uncased,2,data/flat_semeval5way_train.csv,scientsbank,4,,100,True,,100,flat_semeval5way_test.csv,"[2000, 27000]",answer,flat_semeval5way_train.csv,{'weight_decay': 1e-07},{},1.0,,,,,,,,,,,,,,,
97,183gblhu,scratch-h1,0.0,True,scratch-h1,scratch-htune,data,data/flat_semeval5way_test.csv,False,AdamW,linear_with_warmup,8,1e-05,35,bert-base-uncased,2,data/flat_semeval5way_train.csv,scientsbank,4,,100,True,,100,flat_semeval5way_test.csv,"[2000, 27000]",answer,flat_semeval5way_train.csv,{'weight_decay': 1e-07},{},1.0,,,,,,,,,,,,,,,
98,36zf5cjf,scratch-h1,0.4121255848528576,True,scratch-h1,scratch-htune,data,data/flat_semeval5way_test.csv,False,AdamW,linear_with_warmup,6,0.001,35,roberta-large,2,data/flat_semeval5way_train.csv,scientsbank,4,,100,True,,100,flat_semeval5way_test.csv,"[2000, 27000]",answer,flat_semeval5way_train.csv,{'weight_decay': 1e-07},{},,,,865.0,0.5685185185185185,0.5685185185185185,0.7529619336128235,,,0.4121255848528576,301.0,0.32321330589849107,1613096175.0,0.0004325,0.7294255071403897,0.6666666666666666
99,3lpv4l4w,scratch-h1,0.4121255848528576,True,scratch-h1,scratch-htune,data,data/flat_semeval5way_test.csv,False,AdamW,linear_with_warmup,8,0.001,35,roberta-large,2,data/flat_semeval5way_train.csv,scientsbank,4,,100,True,,100,flat_semeval5way_test.csv,"[2000, 27000]",answer,flat_semeval5way_train.csv,{'weight_decay': 1e-07},{},,,,1264.0,0.43148148148148147,0.43148148148148147,0.7372100353240967,,,0.2601169086291984,504.0,0.18617626886145405,1613095164.0,0.0006315,0.7200583943025092,0.625
100,2pxkhp8z,scratch-h1,0.4121255848528576,True,scratch-h1,scratch-htune,data,data/flat_semeval5way_test.csv,False,AdamW,linear_with_warmup,8,1e-05,35,roberta-large,2,data/flat_semeval5way_train.csv,scientsbank,4,,100,True,,100,flat_semeval5way_test.csv,"[2000, 27000]",answer,flat_semeval5way_train.csv,{'weight_decay': 1e-07},{},,,,9180.0,0.5685185185185185,0.5685185185185185,0.6896674036979675,,,0.4121255848528576,3352.0,0.32321330589849107,1613094555.0,7.1332e-06,0.6855954566665018,0.625
101,20c2ase1,scratch-h2,0.0,True,scratch-h2,scratch-htune,data,data/flat_semeval5way_test.csv,False,AdamW,cosine_with_warmup,8,1e-05,35,distilroberta-base,2,data/flat_semeval5way_train.csv,scientsbank,4,,100,True,,100,flat_semeval5way_test.csv,"[2000, 27000]",answer,flat_semeval5way_train.csv,{'weight_decay': 1e-07},{},,,,,,,,,,,,,,,,
102,3xsi1741,scratch-h2,0.671957173734043,True,scratch-h2,scratch-htune,data,data/flat_semeval5way_test.csv,False,AdamW,cosine_with_warmup,8,1e-05,35,distilroberta-base,2,data/flat_semeval5way_train.csv,scientsbank,4,,100,True,,100,flat_semeval5way_test.csv,"[2000, 27000]",answer,flat_semeval5way_train.csv,{'weight_decay': 1e-07},{},,,,7842.0,0.6722222222222223,0.6722222222222223,0.9876747727394104,,,0.671957173734043,630.0,0.6717336761726663,1613091150.0,8.71670496434819e-06,0.4584239456275555,0.625
103,xze8lq6g,scratch-h1,0.6813714942313667,True,scratch-h1,scratch-htune,data,data/flat_semeval5way_test.csv,False,AdamW,linear_with_warmup,8,1e-05,35,distilroberta-base,2,data/flat_semeval5way_train.csv,scientsbank,4,,100,True,,100,flat_semeval5way_test.csv,"[2000, 27000]",answer,flat_semeval5way_train.csv,{'weight_decay': 1e-07},{},,,,21804.0,0.6685185185185185,0.6685185185185185,0.00483296811580658,,,0.6629040230171798,2680.0,0.6652322131758196,1613090513.0,2.092e-06,0.1197516853861972,0.0
104,3t2h054y,h1,0.0,True,h1,htune,data,data/mini_test.csv,False,AdamW,linear_with_warmup,8,1e-05,24,distilroberta,2,data/mini_train.csv,scientsbank,0,,100,False,5.0,100,mini_test.csv,"[1024, 17000]",answer,mini_train.csv,{'weight_decay': 1e-06},{},,,,,,,,,,,,,,,,
105,61eebx6f,scratch-distilroberta,0.6438912482555746,True,scratch-distilroberta,scratch-htune,data,data/flat_semeval5way_test.csv,False,AdamW,,8,2e-06,35,distilroberta-base,2,data/flat_semeval5way_train.csv,scientsbank,4,,100,True,,100,flat_semeval5way_test.csv,,answer,flat_semeval5way_train.csv,,,,17000.0,1024.0,21804.0,0.6481481481481481,0.6481481481481481,1.4549078941345217,,,0.6438912482555746,1747.0,0.6442606697746925,1613082836.0,0.0,0.5596174054877935,0.0
106,3i2wnju5,scratch-distilroberta,0.4121255848528576,True,scratch-distilroberta,scratch-htune,data,data/flat_semeval5way_test.csv,False,Adam,,8,0.0003,35,distilroberta-base,2,data/flat_semeval5way_train.csv,scientsbank,4,,100,True,,100,flat_semeval5way_test.csv,,answer,flat_semeval5way_train.csv,,,,17000.0,1024.0,21804.0,0.5685185185185185,0.5685185185185185,0.8948495984077454,,,0.4121255848528576,2523.0,0.32321330589849107,1613075954.0,0.0,0.6765663159526046,0.0
107,2lf7qq0g,scratch-distilroberta,0.0,True,scratch-distilroberta,scratch-htune,data,data/flat_semeval5way_test.csv,False,Adam,,8,0.0003,35,distilroberta-base,2,data/flat_semeval5way_train.csv,scientsbank,4,,100,True,,100,flat_semeval5way_test.csv,,answer,flat_semeval5way_train.csv,,,,17000.0,1024.0,,,,,,,,,,,,,
108,2a57frrb,scratch-distilroberta,0.6694947231612787,True,scratch-distilroberta,scratch-htune,data,data/flat_semeval5way_test.csv,False,AdamW,,8,5e-06,24,distilroberta-base,2,data/flat_semeval5way_train.csv,scientsbank,4,,100,True,,100,flat_semeval5way_test.csv,,answer,flat_semeval5way_train.csv,,,,17000.0,1024.0,14951.0,0.6481481481481481,0.6481481481481481,1.1327073574066162,,,0.6458088069254978,1181.0,0.6452607364654571,1613073024.0,6.484727090635955e-07,0.4769112929294539,0.0
109,6qbum4l9,scratch-distilroberta,0.6670224485570366,True,scratch-distilroberta,scratch-htune,data,data/flat_semeval5way_test.csv,False,Adam,,8,5e-06,24,distilroberta-base,2,data/flat_semeval5way_train.csv,scientsbank,4,,100,True,,100,flat_semeval5way_test.csv,,answer,flat_semeval5way_train.csv,,,,17000.0,1024.0,14951.0,0.6425925925925926,0.6425925925925926,0.3916404247283935,,,0.6420978616539296,1113.0,0.6417132128754935,1613070836.0,6.484727090635955e-07,0.48542210887338955,0.0
110,2lkpowi3,scratch-distilroberta,0.4121255848528576,True,scratch-distilroberta,scratch-htune,data,data/flat_semeval5way_test.csv,False,AdamW,,8,0.0003,24,distilroberta-base,2,data/flat_semeval5way_train.csv,scientsbank,4,,100,True,,100,flat_semeval5way_test.csv,,answer,flat_semeval5way_train.csv,,,,17000.0,1024.0,8515.0,0.5685185185185185,0.5685185185185185,0.6599181890487671,,,0.4121255848528576,671.0,0.32321330589849107,1613069551.0,0.00015955808713069604,0.6808336344083405,0.625
111,2ahdpkc9,scratch-roberta-large,0.0,True,scratch-roberta-large,scratch-htune,data,data/flat_semeval5way_test.csv,False,Adam,,64,0.0003,24,roberta-large,2,data/flat_semeval5way_train.csv,scientsbank,4,,100,True,,100,flat_semeval5way_test.csv,,answer,flat_semeval5way_train.csv,,,,17000.0,1024.0,,,,,,,,,,,,,
112,3ctir0gg,scratch-roberta-large,0.0,True,scratch-roberta-large,scratch-htune,data,data/flat_semeval5way_test.csv,False,Adam,,64,0.0003,24,roberta-large,2,data/flat_semeval5way_train.csv,scientsbank,4,,100,True,,100,flat_semeval5way_test.csv,,answer,flat_semeval5way_train.csv,,,,17000.0,1024.0,,,,,,,,,,,,,
113,29k1tw9u,scratch-roberta-large,0.0,True,scratch-roberta-large,scratch-htune,data,data/flat_semeval5way_test.csv,False,Adam,,64,0.0003,24,roberta-large,2,data/flat_semeval5way_train.csv,scientsbank,4,,100,True,,100,flat_semeval5way_test.csv,,answer,flat_semeval5way_train.csv,,,,17000.0,1024.0,,,,,,,,,,,,,
114,10t8ne9f,scratch-roberta-large,0.4121255848528576,True,scratch-roberta-large,scratch-htune,data,data/flat_semeval5way_test.csv,False,Adam,,4,0.0003,24,roberta-large,2,data/flat_semeval5way_train.csv,scientsbank,4,,100,True,,100,flat_semeval5way_test.csv,,answer,flat_semeval5way_train.csv,,,,17000.0,1024.0,12281.0,0.5685185185185185,0.5685185185185185,0.6677168011665344,,,0.4121255848528576,3465.0,0.32321330589849107,1613063964.0,8.876439659489232e-05,0.6934453440307132,0.75
115,2h7p1xst,scratch-roberta-large,0.4121255848528576,True,scratch-roberta-large,scratch-group,data,data/flat_semeval5way_test.csv,False,Adam,,8,0.0003,24,roberta-large,2,data/flat_semeval5way_train.csv,scientsbank,4,,100,True,,100,flat_semeval5way_test.csv,,answer,flat_semeval5way_train.csv,,,,17000.0,1024.0,1918.0,0.5685185185185185,0.5685185185185185,0.7475279569625854,,,0.4121255848528576,705.0,0.32321330589849107,1613060358.0,0.00028324987481221834,0.7050775926787753,0.5
116,xw1cw62k,scratch-roberta-large,0.0,True,scratch-roberta-large,scratch-group,data,data/flat_semeval5way_test.csv,False,Adam,,8,0.0003,24,roberta-large,2,data/flat_semeval5way_train.csv,scientsbank,4,,100,True,,100,flat_semeval5way_test.csv,,answer,flat_semeval5way_train.csv,,,,17000.0,1024.0,37.0,,,0.9625709056854248,,,,64.0,,1613056599.0,1.11328125e-05,,0.5
117,3ls1237h,gentle-paper-85,0.0,True,,group,data,data/flat_semeval5way_test.csv,False,Adam,,8,1e-05,24,bert-base-uncased,2,data/flat_semeval5way_train.csv,scientsbank,0,,100,False,5.0,100,mini_test.csv,,answer,mini_train.csv,,,,10000.0,1024.0,12.0,,,0.7931836843490601,,,,70.0,,1613055587.0,1.2695312500000004e-07,,0.25
118,38ru3ayt,albert-base-squad2,0.6969461862339752,True,albert-base-squad2,group-3,data,data/flat_semeval5way_test.csv,False,,,8,1e-05,24,twmkn9/albert-base-v2-squad2,2,data/flat_semeval5way_train.csv,scientsbank,4,,100,False,,100,flat_semeval5way_test.csv,,answer,flat_semeval5way_train.csv,,,,10000.0,1024.0,9967.0,0.6814814814814815,0.6814814814814815,0.0005189026123844087,,,0.6766236220739976,990.0,0.6787200132127669,1612993638.0,5.347593582887701e-08,0.01117926180681627,0.0
119,27ot6q2h,bert-base-squad2,0.7821188271604937,True,bert-base-squad2,group-3,data,data/flat_semeval5way_test.csv,False,,,8,1e-05,24,twmkn9/bert-base-uncased-squad2,2,data/flat_semeval5way_train.csv,scientsbank,4,,100,False,,100,flat_semeval5way_test.csv,,answer,flat_semeval5way_train.csv,,,,10000.0,1024.0,8098.0,0.7759259259259259,0.7759259259259259,0.0005306981038302183,,,0.7768354061970995,1095.0,0.7805563706311945,1612992640.0,2.132352941176471e-06,0.023909702201059816,0.0
120,1gvvhr9e,distilroberta-base-squad2,0.7396660536420543,True,distilroberta-base-squad2,group-3,data,data/flat_semeval5way_test.csv,False,,,8,1e-05,24,twmkn9/distilroberta-base-squad2,2,data/flat_semeval5way_train.csv,scientsbank,4,,100,False,,100,flat_semeval5way_test.csv,,answer,flat_semeval5way_train.csv,,,,10000.0,1024.0,13082.0,0.7444444444444445,0.7444444444444445,0.005585894919931889,,,0.7396660536420543,986.0,0.7453066823437192,1612991537.0,0.0,0.2452981793261777,0.0
121,37zdoxlf,roberta-base-squad2,0.7512738405685944,True,roberta-base-squad2,group-3,data,data/flat_semeval5way_test.csv,False,,,8,1e-05,24,deepset/roberta-base-squad2,2,data/flat_semeval5way_train.csv,scientsbank,4,,100,False,,100,flat_semeval5way_test.csv,,answer,flat_semeval5way_train.csv,,,,10000.0,1024.0,11836.0,0.7518518518518519,0.7518518518518519,1.2520564794540403,,,0.7469103735770403,1623.0,0.7535268813222488,1612990542.0,0.0,0.17579852992075817,0.0
122,37mxih4t,distilbert-base-squad2,0.7688436424145354,True,distilbert-base-squad2,group-3,data,data/flat_semeval5way_test.csv,False,,,8,1e-05,24,twmkn9/distilbert-base-uncased-squad2,2,data/flat_semeval5way_train.csv,scientsbank,4,,100,False,,100,flat_semeval5way_test.csv,,answer,flat_semeval5way_train.csv,,,,10000.0,1024.0,6852.0,0.7592592592592593,0.7592592592592593,0.020775794982910156,,,0.7592592592592593,511.0,0.7592592592592593,1612988911.0,3.518270944741533e-06,0.11985729855015108,0.0
123,28ytbh55,distilroberta,0.7548339331234067,True,distilroberta,group-3,data,data/flat_semeval5way_test.csv,False,,,8,1e-05,24,distilroberta-base,2,data/flat_semeval5way_train.csv,scientsbank,4,,100,False,,100,flat_semeval5way_test.csv,,answer,flat_semeval5way_train.csv,,,,10000.0,1024.0,6852.0,0.7537037037037037,0.7537037037037037,0.00943345669656992,,,0.7541060322907762,520.0,0.7547623456790125,1612988392.0,3.518270944741533e-06,0.1959689634682167,0.0
124,vyg0gkqf,distilbert-base,0.7653019514767931,True,distilbert-base,group-3,data,data/flat_semeval5way_test.csv,False,,,8,1e-05,24,distilbert-base-uncased,2,data/flat_semeval5way_train.csv,scientsbank,4,,100,False,,100,flat_semeval5way_test.csv,,answer,flat_semeval5way_train.csv,,,,10000.0,1024.0,6852.0,0.7574074074074074,0.7574074074074074,0.06867913901805878,,,0.7576991893632935,516.0,0.7581213427239918,1612987864.0,3.518270944741533e-06,0.06058033501936746,0.0
125,1ob2q968,albert-large,0.4121255848528576,True,albert-large,group-3,data,data/flat_semeval5way_test.csv,False,,,8,1e-05,24,albert-large-v2,2,data/flat_semeval5way_train.csv,scientsbank,4,,100,False,,100,flat_semeval5way_test.csv,,answer,flat_semeval5way_train.csv,,,,10000.0,1024.0,3737.0,0.5685185185185185,0.5685185185185185,0.5660510063171387,,,0.4121255848528576,1040.0,0.32321330589849107,1612987340.0,6.98306595365419e-06,0.6792185114894266,0.0
126,1gg8ydfw,albert-base,0.7089576675812598,True,albert-base,group-3,data,data/flat_semeval5way_test.csv,False,,,8,1e-05,24,albert-base-v2,2,data/flat_semeval5way_train.csv,scientsbank,4,,100,False,,100,flat_semeval5way_test.csv,,answer,flat_semeval5way_train.csv,,,,10000.0,1024.0,7475.0,0.6759259259259259,0.6759259259259259,0.02038971707224846,,,0.6741563919638812,750.0,0.6737397119341564,1612986292.0,2.825311942959002e-06,0.09769153001140264,0.0
127,24ct9efg,roberta-large,0.7407656177722477,True,roberta-large,group-3,data,data/flat_semeval5way_test.csv,False,,,8,1e-05,24,roberta-large,2,data/flat_semeval5way_train.csv,scientsbank,4,,100,False,,100,flat_semeval5way_test.csv,,answer,flat_semeval5way_train.csv,,,,10000.0,1024.0,7475.0,0.7407407407407407,0.7407407407407407,0.013102388009428978,,,0.7404574330140673,2671.0,0.7402560594265055,1612985531.0,2.825311942959002e-06,0.2462098770235872,0.0
128,2tpaz9ju,roberta-base,0.7650976873980022,True,roberta-base,group-3,data,data/flat_semeval5way_test.csv,False,,,8,1e-05,24,roberta-base,2,data/flat_semeval5way_train.csv,scientsbank,4,,100,False,,100,flat_semeval5way_test.csv,,answer,flat_semeval5way_train.csv,,,,10000.0,1024.0,11836.0,0.762962962962963,0.762962962962963,0.004423713777214289,,,0.7631944605924375,1636.0,0.7635100781526816,1612982852.0,0.0,0.13440008159619052,0.0
129,29u5lpqa,bert-large,0.0,True,bert-large,group-3,data,data/flat_semeval5way_test.csv,False,,,8,1e-05,24,bert-base-large,2,data/flat_semeval5way_train.csv,scientsbank,4,,100,False,,100,flat_semeval5way_test.csv,,answer,flat_semeval5way_train.csv,,,,10000.0,1024.0,,,,,,,,,,,,,
130,9h3wzj16,bert-base,0.778790445328227,True,bert-base,group-3,data,data/flat_semeval5way_test.csv,False,,,8,1e-05,24,bert-base-uncased,2,data/flat_semeval5way_train.csv,scientsbank,4,,100,False,,100,flat_semeval5way_test.csv,,answer,flat_semeval5way_train.csv,,,,10000.0,1024.0,10590.0,0.7611111111111111,0.7611111111111111,0.00749040674418211,,,0.7615013395903015,1477.0,0.7621481481481481,1612981199.0,0.0,0.013931558037908909,0.0
131,29xaqom2,albert-base-squad2,0.6908996406189668,True,albert-base-squad2,group-2,data,data/flat_semeval5way_test.csv,False,,,8,1e-05,24,twmkn9/albert-base-v2-squad2,2,data/flat_semeval5way_train.csv,scientsbank,4,,100,False,,100,flat_semeval5way_test.csv,,answer,flat_semeval5way_train.csv,,,,10000.0,1024.0,10590.0,0.687037037037037,0.687037037037037,0.005356602370738983,,,0.6824346899615717,1062.0,0.6844801938863401,1612979714.0,0.0,0.05270947486205607,0.0
132,3ci6yiv7,bert-base-squad2,0.7995394487426107,True,bert-base-squad2,group-2,data,data/flat_semeval5way_test.csv,False,,,8,1e-05,24,twmkn9/bert-base-uncased-squad2,2,data/flat_semeval5way_train.csv,scientsbank,4,,100,False,,100,flat_semeval5way_test.csv,,answer,flat_semeval5way_train.csv,,,,10000.0,1024.0,9344.0,0.7833333333333333,0.7833333333333333,0.0005172345554456115,,,0.7821502734844233,1263.0,0.7825560128029264,1612978643.0,7.464349376114082e-07,0.01896754305902756,0.0
133,4qafstv7,distilroberta-base-squad2,0.724883991934894,True,distilroberta-base-squad2,group-2,data,data/flat_semeval5way_test.csv,False,,,8,1e-05,24,twmkn9/distilroberta-base-squad2,2,data/flat_semeval5way_train.csv,scientsbank,4,,100,False,,100,flat_semeval5way_test.csv,,answer,flat_semeval5way_train.csv,,,,10000.0,1024.0,13082.0,0.7277777777777777,0.7277777777777777,0.017970366403460503,,,0.724883991934894,961.0,0.7263110799875505,1612977372.0,0.0,0.26957539473495584,0.0
134,1ya8ifek,roberta-base-squad2,0.7271333122895622,True,roberta-base-squad2,group-2,data,data/flat_semeval5way_test.csv,False,,,8,1e-05,24,deepset/roberta-base-squad2,2,data/flat_semeval5way_train.csv,scientsbank,4,,100,False,,100,flat_semeval5way_test.csv,,answer,flat_semeval5way_train.csv,,,,10000.0,1024.0,13082.0,0.7296296296296296,0.7296296296296296,2.6810436248779297,,,0.7271333122895622,1779.0,0.7281083015382533,1612976402.0,0.0,0.27327184452468656,0.0
135,21vr6xj1,distilbert-base-squad2,0.7579012453079438,True,distilbert-base-squad2,group-2,data,data/flat_semeval5way_test.csv,False,,,8,1e-05,24,twmkn9/distilbert-base-uncased-squad2,2,data/flat_semeval5way_train.csv,scientsbank,4,,100,False,,100,flat_semeval5way_test.csv,,answer,flat_semeval5way_train.csv,,,,10000.0,1024.0,8721.0,0.7518518518518519,0.7518518518518519,0.0022774015087634325,,,0.751580685884893,626.0,0.7513927567185826,1612974615.0,1.4393939393939396e-06,0.049122184577979705,0.0
136,29lug2n0,distilroberta,0.7699838969404187,True,distilroberta,group-2,data,data/flat_semeval5way_test.csv,False,,,8,1e-05,24,distilroberta-base,2,data/flat_semeval5way_train.csv,scientsbank,4,,100,False,,100,flat_semeval5way_test.csv,,answer,flat_semeval5way_train.csv,,,,10000.0,1024.0,11836.0,0.762962962962963,0.762962962962963,0.003684875788167119,,,0.7624171244356869,875.0,0.7622104644326867,1612973981.0,0.0,0.15530719075590024,0.0
137,39q7aaxm,distilbert-base,0.7609859451644443,True,distilbert-base,group-2,data,data/flat_semeval5way_test.csv,False,,,8,1e-05,24,distilbert-base-uncased,2,data/flat_semeval5way_train.csv,scientsbank,4,,100,False,,100,flat_semeval5way_test.csv,,answer,flat_semeval5way_train.csv,,,,10000.0,1024.0,8098.0,0.7611111111111111,0.7611111111111111,0.012365697883069515,,,0.75998689442018,585.0,0.7600592942934387,1612973098.0,2.132352941176471e-06,0.03425183200402413,0.0
138,33siklf6,albert-large,0.47949102391834797,True,albert-large,group-2,data,data/flat_semeval5way_test.csv,False,,,8,1e-05,24,albert-large-v2,2,data/flat_semeval5way_train.csv,scientsbank,4,,100,False,,100,flat_semeval5way_test.csv,,answer,flat_semeval5way_train.csv,,,,10000.0,1024.0,3737.0,0.5685185185185185,0.5685185185185185,0.973582923412323,,,0.4121255848528576,1035.0,0.32321330589849107,1612972501.0,6.98306595365419e-06,0.6782135138366,0.0
139,byly99en,albert-base,0.6779421851619698,True,albert-base,group-2,data,data/flat_semeval5way_test.csv,False,,,8,1e-05,24,albert-base-v2,2,data/flat_semeval5way_train.csv,scientsbank,4,,100,False,,100,flat_semeval5way_test.csv,,answer,flat_semeval5way_train.csv,,,,10000.0,1024.0,11836.0,0.6611111111111111,0.6611111111111111,0.955600380897522,,,0.6595162920844414,1175.0,0.6589481198675455,1612971458.0,0.0,0.11416552978241366,0.0
140,3cwv9l2h,roberta-large,0.503610175832398,True,roberta-large,group-2,data,data/flat_semeval5way_test.csv,False,,,8,1e-05,24,roberta-large,2,data/flat_semeval5way_train.csv,scientsbank,4,,100,False,,100,flat_semeval5way_test.csv,,answer,flat_semeval5way_train.csv,,,,10000.0,1024.0,1367.0,0.5851851851851851,0.5851851851851851,0.7842910885810852,,,0.503610175832398,514.0,0.58394946023812,1612970240.0,9.618983957219253e-06,0.6649011724248193,0.5
141,1sjiw3ri,roberta-base,0.7560048831887408,True,roberta-base,group-2,data,data/flat_semeval5way_test.csv,False,,,8,1e-05,24,roberta-base,2,data/flat_semeval5way_train.csv,scientsbank,4,,100,False,,100,flat_semeval5way_test.csv,,answer,flat_semeval5way_train.csv,,,,10000.0,1024.0,11836.0,0.7537037037037037,0.7537037037037037,0.006384808104485273,,,0.7528939031339033,1611.0,0.7527185991022469,1612969717.0,0.0,0.14418605205429258,0.0
142,2lqtrunf,bert-large,0.0,True,bert-large,group-2,data,data/flat_semeval5way_test.csv,False,,,8,1e-05,24,bert-base-large,2,data/flat_semeval5way_train.csv,scientsbank,4,,100,False,,100,flat_semeval5way_test.csv,,answer,flat_semeval5way_train.csv,,,,10000.0,1024.0,,,,,,,,,,,,,
143,3spj7e10,bert-base,0.7794514331884245,True,bert-base,group-2,data,data/flat_semeval5way_test.csv,False,,,8,1e-05,24,bert-base-uncased,2,data/flat_semeval5way_train.csv,scientsbank,4,,100,False,,100,flat_semeval5way_test.csv,,answer,flat_semeval5way_train.csv,,,,10000.0,1024.0,8721.0,0.7703703703703704,0.7703703703703704,0.008566418662667274,,,0.7711727813009082,1161.0,0.7736862877849107,1612968089.0,1.4393939393939396e-06,0.027244741138923535,0.0
144,1egx860t,albert-base-squad2,0.6938366328818162,True,albert-base-squad2,group-1,data,data/flat_semeval5way_test.csv,False,,,8,1e-05,24,twmkn9/albert-base-v2-squad2,2,data/flat_semeval5way_train.csv,scientsbank,4,,100,False,,100,flat_semeval5way_test.csv,,answer,flat_semeval5way_train.csv,,,,10000.0,1024.0,8721.0,0.6888888888888889,0.6888888888888889,0.0032076595816761255,,,0.6875385954693773,861.0,0.6871230980051873,1612966918.0,1.4393939393939396e-06,0.09844106759530136,0.0
145,30n99k6q,bert-base-squad2,0.7970459812803602,True,bert-base-squad2,group-1,data,data/flat_semeval5way_test.csv,False,,,8,1e-05,24,twmkn9/bert-base-uncased-squad2,2,data/flat_semeval5way_train.csv,scientsbank,4,,100,False,,100,flat_semeval5way_test.csv,,answer,flat_semeval5way_train.csv,,,,10000.0,1024.0,8098.0,0.7851851851851852,0.7851851851851852,0.0005104430601932108,,,0.7849504444973701,1088.0,0.7848028485948143,1612966048.0,2.132352941176471e-06,0.03186396190838984,0.0
146,3oysdwkz,distilroberta-base-squad2,0.7427453439774669,True,distilroberta-base-squad2,group-1,data,data/flat_semeval5way_test.csv,False,,,8,1e-05,24,twmkn9/distilroberta-base-squad2,2,data/flat_semeval5way_train.csv,scientsbank,4,,100,False,,100,flat_semeval5way_test.csv,,answer,flat_semeval5way_train.csv,,,,10000.0,1024.0,12459.0,0.737037037037037,0.737037037037037,0.005565505009144545,,,0.7343662230061753,926.0,0.735776132885707,1612964952.0,0.0,0.26263284613228616,0.0
147,2ba9sddh,roberta-base-squad2,0.7386777485677968,True,roberta-base-squad2,group-1,data,data/flat_semeval5way_test.csv,False,,,8,1e-05,24,deepset/roberta-base-squad2,2,data/flat_semeval5way_train.csv,scientsbank,4,,100,False,,100,flat_semeval5way_test.csv,,answer,flat_semeval5way_train.csv,,,,10000.0,1024.0,12459.0,0.7351851851851852,0.7351851851851852,0.02332068420946598,,,0.7355036952591678,1686.0,0.7359485884125541,1612964017.0,0.0,0.20640492866300889,0.0
148,1uyfnw01,distilbert-base-squad2,0.7924822942064321,True,distilbert-base-squad2,group-1,data,data/flat_semeval5way_test.csv,False,,,8,1e-05,24,twmkn9/distilbert-base-uncased-squad2,2,data/flat_semeval5way_train.csv,scientsbank,4,,100,False,,100,flat_semeval5way_test.csv,,answer,flat_semeval5way_train.csv,,,,10000.0,1024.0,10590.0,0.7833333333333333,0.7833333333333333,0.0028567002154886723,,,0.7830334187228486,764.0,0.7828694331983805,1612962323.0,0.0,0.06625854462449561,0.0
149,1rzchb68,distilroberta,0.7641977563473396,True,distilroberta,group-1,data,data/flat_semeval5way_test.csv,False,,,8,1e-05,24,distilroberta-base,2,data/flat_semeval5way_train.csv,scientsbank,4,,100,False,,100,flat_semeval5way_test.csv,,answer,flat_semeval5way_train.csv,,,,10000.0,1024.0,12459.0,0.7574074074074074,0.7574074074074074,0.02432861551642418,,,0.757071605578574,935.0,0.7568669715599541,1612961551.0,0.0,0.12475621661413132,0.0
150,1lakool8,distilbert-base,0.7719881102693603,True,distilbert-base,group-1,data,data/flat_semeval5way_test.csv,False,,,8,1e-05,24,distilbert-base-uncased,2,data/flat_semeval5way_train.csv,scientsbank,4,,100,False,,100,flat_semeval5way_test.csv,,answer,flat_semeval5way_train.csv,,,,10000.0,1024.0,8098.0,0.7703703703703704,0.7703703703703704,0.009353861212730408,,,0.7680381102307446,596.0,0.7699928541573973,1612960608.0,2.132352941176471e-06,0.03914881742000131,0.0
151,79fh7xu4,albert-large,0.4121255848528576,True,albert-large,group-1,data,data/flat_semeval5way_test.csv,False,,,8,1e-05,24,albert-large-v2,2,data/flat_semeval5way_train.csv,scientsbank,4,,100,False,,100,flat_semeval5way_test.csv,,answer,flat_semeval5way_train.csv,,,,10000.0,1024.0,3737.0,0.5685185185185185,0.5685185185185185,0.9180358648300172,,,0.4121255848528576,1039.0,0.32321330589849107,1612960004.0,6.98306595365419e-06,0.6827380246096485,0.0
152,u4lvktg5,albert-base,0.6853281728108338,True,albert-base,group-1,data,data/flat_semeval5way_test.csv,False,,,8,1e-05,24,albert-base-v2,2,data/flat_semeval5way_train.csv,scientsbank,4,,100,False,,100,flat_semeval5way_test.csv,,answer,flat_semeval5way_train.csv,,,,10000.0,1024.0,10590.0,0.6777777777777778,0.6777777777777778,0.004231309983879328,,,0.6779397799005642,1044.0,0.6781203735999689,1612958955.0,0.0,0.05985070819744894,0.0
153,kuio0joh,roberta-large,0.4121255848528576,True,roberta-large,group-1,data,data/flat_semeval5way_test.csv,False,,,8,1e-05,24,roberta-large,2,data/flat_semeval5way_train.csv,scientsbank,4,,100,False,,100,flat_semeval5way_test.csv,,answer,flat_semeval5way_train.csv,,,,10000.0,1024.0,3737.0,0.5685185185185185,0.5685185185185185,0.8549882173538208,,,0.4121255848528576,1306.0,0.32321330589849107,1612957901.0,6.98306595365419e-06,0.6824984139855652,0.0
154,xtqwd2j0,roberta-base,0.7576991893632935,True,roberta-base,group-1,data,data/flat_semeval5way_test.csv,False,,,8,1e-05,24,roberta-base,2,data/flat_semeval5way_train.csv,scientsbank,4,,100,False,,100,flat_semeval5way_test.csv,,answer,flat_semeval5way_train.csv,,,,10000.0,1024.0,9344.0,0.7407407407407407,0.7407407407407407,0.003858859883621335,,,0.7392243905297703,1259.0,0.7393859405022195,1612956586.0,7.464349376114082e-07,0.13148415134583338,0.0
155,3m2qfbww,bert-large,0.0,True,bert-large,group-1,data,data/flat_semeval5way_test.csv,False,,,8,1e-05,24,bert-base-large,2,data/flat_semeval5way_train.csv,scientsbank,4,,100,False,,100,flat_semeval5way_test.csv,,answer,flat_semeval5way_train.csv,,,,10000.0,1024.0,,,,,,,,,,,,,
156,23tj1jnv,bert-base,0.7711502946797065,True,bert-base,group-1,data,data/flat_semeval5way_test.csv,False,,,8,1e-05,24,bert-base-uncased,2,data/flat_semeval5way_train.csv,scientsbank,4,,100,False,,100,flat_semeval5way_test.csv,,answer,flat_semeval5way_train.csv,,,,10000.0,1024.0,7475.0,0.762962962962963,0.762962962962963,0.0014559156261384487,,,0.7613869857182302,1017.0,0.761954761756631,1612955310.0,2.825311942959002e-06,0.03554732244081085,0.0
157,2x2huw20,scratch-albert-base-squad2,0.6755258059886475,True,scratch-albert-base-squad2,scratch-group-3,data,data/flat_semeval5way_test.csv,False,,,8,1e-05,24,twmkn9/albert-base-v2-squad2,2,data/flat_semeval5way_train.csv,scientsbank,4,,100,True,,100,flat_semeval5way_test.csv,,answer,flat_semeval5way_train.csv,,,,10000.0,1024.0,13082.0,0.6777777777777778,0.6777777777777778,0.5537776350975037,,,0.6709587527364599,1291.0,0.6753009347375545,1612954286.0,0.0,0.4394532406397188,0.0
158,1919tefy,scratch-bert-base-squad2,0.6841440029559976,True,scratch-bert-base-squad2,scratch-group-3,data,data/flat_semeval5way_test.csv,False,,,8,1e-05,24,twmkn9/bert-base-uncased-squad2,2,data/flat_semeval5way_train.csv,scientsbank,4,,100,True,,100,flat_semeval5way_test.csv,,answer,flat_semeval5way_train.csv,,,,10000.0,1024.0,13082.0,0.6888888888888889,0.6888888888888889,1.902379035949707,,,0.6841440029559976,1803.0,0.6864412238325281,1612952987.0,0.0,0.44815949321847254,0.0
159,13excd9o,scratch-distilroberta-base-squad2,0.6707637693597663,True,scratch-distilroberta-base-squad2,scratch-group-3,data,data/flat_semeval5way_test.csv,False,,,8,1e-05,24,twmkn9/distilroberta-base-squad2,2,data/flat_semeval5way_train.csv,scientsbank,4,,100,True,,100,flat_semeval5way_test.csv,,answer,flat_semeval5way_train.csv,,,,10000.0,1024.0,13082.0,0.674074074074074,0.674074074074074,0.01686622016131878,,,0.6707637693597663,968.0,0.6711445482614029,1612951175.0,0.0,0.4079336511342519,0.0
160,3f4i24rg,scratch-roberta-base-squad2,0.6506754124428542,True,scratch-roberta-base-squad2,scratch-group-3,data,data/flat_semeval5way_test.csv,False,,,8,1e-05,24,deepset/roberta-base-squad2,2,data/flat_semeval5way_train.csv,scientsbank,4,,100,True,,100,flat_semeval5way_test.csv,,answer,flat_semeval5way_train.csv,,,,10000.0,1024.0,8721.0,0.6611111111111111,0.6611111111111111,0.09698455780744553,,,0.6498658034997599,1192.0,0.6589616402116403,1612950198.0,1.4393939393939396e-06,0.4856919848938081,0.0
161,13cdz1kg,scratch-distilbert-base-squad2,0.6919933744119792,True,scratch-distilbert-base-squad2,scratch-group-3,data,data/flat_semeval5way_test.csv,False,,,8,1e-05,24,twmkn9/distilbert-base-uncased-squad2,2,data/flat_semeval5way_train.csv,scientsbank,4,,100,True,,100,flat_semeval5way_test.csv,,answer,flat_semeval5way_train.csv,,,,10000.0,1024.0,13082.0,0.6962962962962963,0.6962962962962963,0.5734209418296814,,,0.6919933744119792,940.0,0.6940744358334745,1612948998.0,0.0,0.3944035678610828,0.0
162,bm5h9ezj,scratch-distilroberta,0.6835861258083481,True,scratch-distilroberta,scratch-group-3,data,data/flat_semeval5way_test.csv,False,,,8,1e-05,24,distilroberta-base,2,data/flat_semeval5way_train.csv,scientsbank,4,,100,True,,100,flat_semeval5way_test.csv,,answer,flat_semeval5way_train.csv,,,,10000.0,1024.0,13082.0,0.6814814814814815,0.6814814814814815,0.016002671793103218,,,0.6790992250111746,981.0,0.6790118832873698,1612948050.0,0.0,0.4202106634538225,0.0
163,2inmb8jf,scratch-distilbert-base,0.680552095642639,True,scratch-distilbert-base,scratch-group-3,data,data/flat_semeval5way_test.csv,False,,,8,1e-05,24,distilbert-base-uncased,2,data/flat_semeval5way_train.csv,scientsbank,4,,100,True,,100,flat_semeval5way_test.csv,,answer,flat_semeval5way_train.csv,,,,10000.0,1024.0,11836.0,0.6759259259259259,0.6759259259259259,0.0699874684214592,,,0.6739021165423618,854.0,0.6735706307190168,1612947061.0,0.0,0.39345607205842087,0.0
164,2dg1rg1u,scratch-albert-large,0.4121255848528576,True,scratch-albert-large,scratch-group-3,data,data/flat_semeval5way_test.csv,False,,,8,1e-05,24,albert-large-v2,2,data/flat_semeval5way_train.csv,scientsbank,4,,100,True,,100,flat_semeval5way_test.csv,,answer,flat_semeval5way_train.csv,,,,10000.0,1024.0,3737.0,0.5685185185185185,0.5685185185185185,0.8119481801986694,,,0.4121255848528576,1039.0,0.32321330589849107,1612946197.0,6.98306595365419e-06,0.685441738060433,0.0
165,3lj05a10,scratch-albert-base,0.6463864918465628,True,scratch-albert-base,scratch-group-3,data,data/flat_semeval5way_test.csv,False,,,8,1e-05,24,albert-base-v2,2,data/flat_semeval5way_train.csv,scientsbank,4,,100,True,,100,flat_semeval5way_test.csv,,answer,flat_semeval5way_train.csv,,,,10000.0,1024.0,11836.0,0.6407407407407407,0.6407407407407407,0.11819662898778915,,,0.6360282350251486,1173.0,0.636478198530395,1612945148.0,0.0,0.4274726332647433,0.0
166,nt5a9tey,scratch-roberta-large,0.4121255848528576,True,scratch-roberta-large,scratch-group-3,data,data/flat_semeval5way_test.csv,False,,,8,1e-05,24,roberta-large,2,data/flat_semeval5way_train.csv,scientsbank,4,,100,True,,100,flat_semeval5way_test.csv,,answer,flat_semeval5way_train.csv,,,,10000.0,1024.0,3737.0,0.5685185185185185,0.5685185185185185,0.5040488839149475,,,0.4121255848528576,1313.0,0.32321330589849107,1612943965.0,6.98306595365419e-06,0.6849507897900615,0.0
167,28cw2qfx,scratch-roberta-base,0.6668962627972371,True,scratch-roberta-base,scratch-group-3,data,data/flat_semeval5way_test.csv,False,,,8,1e-05,24,roberta-base,2,data/flat_semeval5way_train.csv,scientsbank,4,,100,True,,100,flat_semeval5way_test.csv,,answer,flat_semeval5way_train.csv,,,,10000.0,1024.0,11836.0,0.6666666666666666,0.6666666666666666,0.8386809825897217,,,0.6619439475253429,1612.0,0.6632924380774791,1612942644.0,0.0,0.4600129994620656,0.0
168,3cvuk5am,scratch-bert-large,0.0,True,scratch-bert-large,scratch-group-3,data,data/flat_semeval5way_test.csv,False,,,8,1e-05,24,bert-base-large,2,data/flat_semeval5way_train.csv,scientsbank,4,,100,True,,100,flat_semeval5way_test.csv,,answer,flat_semeval5way_train.csv,,,,10000.0,1024.0,,,,,,,,,,,,,
169,20sysy8v,scratch-bert-base,0.6684398412362902,True,scratch-bert-base,scratch-group-3,data,data/flat_semeval5way_test.csv,False,,,8,1e-05,24,bert-base-uncased,2,data/flat_semeval5way_train.csv,scientsbank,4,,100,True,,100,flat_semeval5way_test.csv,,answer,flat_semeval5way_train.csv,,,,10000.0,1024.0,12459.0,0.6666666666666666,0.6666666666666666,0.09809841215610504,,,0.6558652166894142,1685.0,0.6649654167796403,1612941015.0,0.0,0.4547261008304032,0.0
170,1dqf7dcq,scratch-albert-base-squad2,0.6923219425077491,True,scratch-albert-base-squad2,scratch-group-2,data,data/flat_semeval5way_test.csv,False,,,8,1e-05,24,twmkn9/albert-base-v2-squad2,2,data/flat_semeval5way_train.csv,scientsbank,4,,100,True,,100,flat_semeval5way_test.csv,,answer,flat_semeval5way_train.csv,,,,10000.0,1024.0,13705.0,0.6981481481481482,0.6981481481481482,0.21431447565555573,,,0.6923219425077491,1352.0,0.6966168779998567,1612939323.0,0.0,0.41972129977640615,0.0
171,692be9yi,scratch-bert-base-squad2,0.6653430507509976,True,scratch-bert-base-squad2,scratch-group-2,data,data/flat_semeval5way_test.csv,False,,,8,1e-05,24,twmkn9/bert-base-uncased-squad2,2,data/flat_semeval5way_train.csv,scientsbank,4,,100,True,,100,flat_semeval5way_test.csv,,answer,flat_semeval5way_train.csv,,,,10000.0,1024.0,9344.0,0.662962962962963,0.662962962962963,0.03553778678178787,,,0.6595398069515765,1283.0,0.6597389745041728,1612937962.0,7.464349376114082e-07,0.4601767772443329,0.0
172,24xdqvks,scratch-distilroberta-base-squad2,0.678071276733981,True,scratch-distilroberta-base-squad2,scratch-group-2,data,data/flat_semeval5way_test.csv,False,,,8,1e-05,24,twmkn9/distilroberta-base-squad2,2,data/flat_semeval5way_train.csv,scientsbank,4,,100,True,,100,flat_semeval5way_test.csv,,answer,flat_semeval5way_train.csv,,,,10000.0,1024.0,11836.0,0.674074074074074,0.674074074074074,0.05650220811367035,,,0.6704524685378294,881.0,0.6710758557888405,1612936670.0,0.0,0.40846007262203854,0.0
173,mehozy4j,scratch-roberta-base-squad2,0.6690457717017868,True,scratch-roberta-base-squad2,scratch-group-2,data,data/flat_semeval5way_test.csv,False,,,8,1e-05,24,deepset/roberta-base-squad2,2,data/flat_semeval5way_train.csv,scientsbank,4,,100,True,,100,flat_semeval5way_test.csv,,answer,flat_semeval5way_train.csv,,,,10000.0,1024.0,13082.0,0.6722222222222223,0.6722222222222223,0.5258404612541199,,,0.6690457717017868,1790.0,0.6692877998049209,1612935780.0,0.0,0.4577824703127242,0.0
174,hmt8dmxt,scratch-distilbert-base-squad2,0.6934398046398046,True,scratch-distilbert-base-squad2,scratch-group-2,data,data/flat_semeval5way_test.csv,False,,,8,1e-05,24,twmkn9/distilbert-base-uncased-squad2,2,data/flat_semeval5way_train.csv,scientsbank,4,,100,True,,100,flat_semeval5way_test.csv,,answer,flat_semeval5way_train.csv,,,,10000.0,1024.0,12459.0,0.687037037037037,0.687037037037037,0.06964606791734695,,,0.6848274958139596,894.0,0.6847261636924545,1612933982.0,0.0,0.3811665081757441,0.0
175,3stkzh0v,scratch-distilroberta,0.6769686609686609,True,scratch-distilroberta,scratch-group-2,data,data/flat_semeval5way_test.csv,False,,,8,1e-05,24,distilroberta-base,2,data/flat_semeval5way_train.csv,scientsbank,4,,100,True,,100,flat_semeval5way_test.csv,,answer,flat_semeval5way_train.csv,,,,10000.0,1024.0,13082.0,0.6814814814814815,0.6814814814814815,0.18214663863182068,,,0.6769686609686609,966.0,0.6786834369554767,1612933080.0,0.0,0.4064293981460896,0.0
176,2v7f1dl6,scratch-distilbert-base,0.7041561933464605,True,scratch-distilbert-base,scratch-group-2,data,data/flat_semeval5way_test.csv,False,,,8,1e-05,24,distilbert-base-uncased,2,data/flat_semeval5way_train.csv,scientsbank,4,,100,True,,100,flat_semeval5way_test.csv,,answer,flat_semeval5way_train.csv,,,,10000.0,1024.0,13082.0,0.7074074074074074,0.7074074074074074,0.5478275418281555,,,0.7041561933464605,938.0,0.7053885637841435,1612932106.0,0.0,0.4045992110559411,0.0
177,3pgrrgec,scratch-albert-large,0.4121255848528576,True,scratch-albert-large,scratch-group-2,data,data/flat_semeval5way_test.csv,False,,,8,1e-05,24,albert-large-v2,2,data/flat_semeval5way_train.csv,scientsbank,4,,100,True,,100,flat_semeval5way_test.csv,,answer,flat_semeval5way_train.csv,,,,10000.0,1024.0,3737.0,0.5685185185185185,0.5685185185185185,0.4436735212802887,,,0.4121255848528576,1039.0,0.32321330589849107,1612931160.0,6.98306595365419e-06,0.6849061009680727,0.0
178,3sedgj1g,scratch-albert-base,0.6523753156565656,True,scratch-albert-base,scratch-group-2,data,data/flat_semeval5way_test.csv,False,,,8,1e-05,24,albert-base-v2,2,data/flat_semeval5way_train.csv,scientsbank,4,,100,True,,100,flat_semeval5way_test.csv,,answer,flat_semeval5way_train.csv,,,,10000.0,1024.0,12459.0,0.6537037037037037,0.6537037037037037,0.25473320484161377,,,0.6503477927018878,1227.0,0.6503041920474046,1612930114.0,0.0,0.3949990541257946,0.0
179,3otcxfuz,scratch-roberta-large,0.4121255848528576,True,scratch-roberta-large,scratch-group-2,data,data/flat_semeval5way_test.csv,False,,,8,1e-05,24,roberta-large,2,data/flat_semeval5way_train.csv,scientsbank,4,,100,True,,100,flat_semeval5way_test.csv,,answer,flat_semeval5way_train.csv,,,,10000.0,1024.0,3737.0,0.5685185185185185,0.5685185185185185,0.4901770353317261,,,0.4121255848528576,1306.0,0.32321330589849107,1612928878.0,6.98306595365419e-06,0.6842280093017499,0.0
180,2i4w04ic,scratch-roberta-base,0.6595398069515765,True,scratch-roberta-base,scratch-group-2,data,data/flat_semeval5way_test.csv,False,,,8,1e-05,24,roberta-base,2,data/flat_semeval5way_train.csv,scientsbank,4,,100,True,,100,flat_semeval5way_test.csv,,answer,flat_semeval5way_train.csv,,,,10000.0,1024.0,13705.0,0.662962962962963,0.662962962962963,0.059869252145290375,,,0.6595398069515765,1861.0,0.6597389745041728,1612927564.0,0.0,0.4528335794159645,0.0
181,xybonhri,scratch-bert-large,0.0,True,scratch-bert-large,scratch-group-2,data,data/flat_semeval5way_test.csv,False,,,8,1e-05,24,bert-base-large,2,data/flat_semeval5way_train.csv,scientsbank,4,,100,True,,100,flat_semeval5way_test.csv,,answer,flat_semeval5way_train.csv,,,,10000.0,1024.0,,,,,,,,,,,,,
182,sh66j6cg,scratch-bert-base,0.6752601982968887,True,scratch-bert-base,scratch-group-2,data,data/flat_semeval5way_test.csv,False,,,8,1e-05,24,bert-base-uncased,2,data/flat_semeval5way_train.csv,scientsbank,4,,100,True,,100,flat_semeval5way_test.csv,,answer,flat_semeval5way_train.csv,,,,10000.0,1024.0,13705.0,0.6796296296296296,0.6796296296296296,1.7217727899551392,,,0.6752601982968887,1872.0,0.6767524169570953,1612925686.0,0.0,0.4561874918951099,0.0
183,2qpe6j3x,scratch-albert-base-squad2,0.659137587520165,True,scratch-albert-base-squad2,scratch-group-1,data,data/flat_semeval5way_test.csv,False,,,8,1e-05,24,twmkn9/albert-base-v2-squad2,2,data/flat_semeval5way_train.csv,scientsbank,4,,100,True,,100,flat_semeval5way_test.csv,,answer,flat_semeval5way_train.csv,,,,10000.0,1024.0,13082.0,0.6611111111111111,0.6611111111111111,0.12729862332344055,,,0.6549762333984621,1291.0,0.6574828738512949,1612923804.0,0.0,0.45345012699867754,0.0
184,5zi9jkf4,scratch-bert-base-squad2,0.6609262724365638,True,scratch-bert-base-squad2,scratch-group-1,data,data/flat_semeval5way_test.csv,False,,,8,1e-05,24,twmkn9/bert-base-uncased-squad2,2,data/flat_semeval5way_train.csv,scientsbank,4,,100,True,,100,flat_semeval5way_test.csv,,answer,flat_semeval5way_train.csv,,,,10000.0,1024.0,11836.0,0.6648148148148149,0.6648148148148149,0.18004807829856873,,,0.659517121548603,2549.0,0.6613437926932355,1612922504.0,0.0,0.45074618903626584,0.0
185,4f9ebkf5,scratch-distilroberta-base-squad2,0.6738793536656315,True,scratch-distilroberta-base-squad2,scratch-group-1,data,data/flat_semeval5way_test.csv,False,,,8,1e-05,24,twmkn9/distilroberta-base-squad2,2,data/flat_semeval5way_train.csv,scientsbank,4,,100,True,,100,flat_semeval5way_test.csv,,answer,flat_semeval5way_train.csv,,,,10000.0,1024.0,13705.0,0.6777777777777778,0.6777777777777778,0.987864077091217,,,0.6738793536656315,1005.0,0.6748504282911891,1612919947.0,0.0,0.4352274283263653,0.0
186,28wi1ngd,scratch-roberta-base-squad2,0.6638864853874995,True,scratch-roberta-base-squad2,scratch-group-1,data,data/flat_semeval5way_test.csv,False,,,8,1e-05,24,deepset/roberta-base-squad2,2,data/flat_semeval5way_train.csv,scientsbank,4,,100,True,,100,flat_semeval5way_test.csv,,answer,flat_semeval5way_train.csv,,,,10000.0,1024.0,13082.0,0.6648148148148149,0.6648148148148149,0.37627577781677246,,,0.6618709316451324,1787.0,0.6618167112896028,1612918933.0,0.0,0.4556202899508921,0.0
187,13al0mik,scratch-distilbert-base-squad2,0.6803838125149976,True,scratch-distilbert-base-squad2,scratch-group-1,data,data/flat_semeval5way_test.csv,False,,,8,1e-05,24,twmkn9/distilbert-base-uncased-squad2,2,data/flat_semeval5way_train.csv,scientsbank,4,,100,True,,100,flat_semeval5way_test.csv,,answer,flat_semeval5way_train.csv,,,,10000.0,1024.0,12459.0,0.6851851851851852,0.6851851851851852,0.8760170936584473,,,0.6800325112983939,891.0,0.6826523033463351,1612917137.0,0.0,0.4112328296449407,0.0
188,353kfwnj,scratch-distilroberta,0.6834062985733662,True,scratch-distilroberta,scratch-group-1,data,data/flat_semeval5way_test.csv,False,,,8,1e-05,24,distilroberta-base,2,data/flat_semeval5way_train.csv,scientsbank,4,,100,True,,100,flat_semeval5way_test.csv,,answer,flat_semeval5way_train.csv,,,,10000.0,1024.0,13082.0,0.687037037037037,0.687037037037037,0.1115896999835968,,,0.6834062985733662,979.0,0.6844120161523056,1612916238.0,0.0,0.4097496912458319,0.0
189,ae9y2ctb,scratch-distilbert-base,0.6864710598043929,True,scratch-distilbert-base,scratch-group-1,data,data/flat_semeval5way_test.csv,False,,,8,1e-05,24,distilbert-base-uncased,2,data/flat_semeval5way_train.csv,scientsbank,4,,100,True,,100,flat_semeval5way_test.csv,,answer,flat_semeval5way_train.csv,,,,10000.0,1024.0,13082.0,0.6888888888888889,0.6888888888888889,0.03895643353462219,,,0.6830717174772836,957.0,0.6867664571368275,1612915251.0,0.0,0.39533345597733255,0.0
190,274f18aq,scratch-albert-large,0.4121255848528576,True,scratch-albert-large,scratch-group-1,data,data/flat_semeval5way_test.csv,False,,,8,1e-05,24,albert-large-v2,2,data/flat_semeval5way_train.csv,scientsbank,4,,100,True,,100,flat_semeval5way_test.csv,,answer,flat_semeval5way_train.csv,,,,10000.0,1024.0,3737.0,0.5685185185185185,0.5685185185185185,1.086064100265503,,,0.4121255848528576,1046.0,0.32321330589849107,1612914286.0,6.98306595365419e-06,0.6864294307695707,0.0
191,3k4zpntd,scratch-albert-base,0.6659412005198909,True,scratch-albert-base,scratch-group-1,data,data/flat_semeval5way_test.csv,False,,,8,1e-05,24,albert-base-v2,2,data/flat_semeval5way_train.csv,scientsbank,4,,100,True,,100,flat_semeval5way_test.csv,,answer,flat_semeval5way_train.csv,,,,10000.0,1024.0,11836.0,0.6555555555555556,0.6555555555555556,0.19650773704051971,,,0.6540605878410962,1175.0,0.653451210780618,1612913231.0,0.0,0.44982134104014593,0.0
192,2ggeaqaz,scratch-roberta-large,0.4121255848528576,True,scratch-roberta-large,scratch-group-1,data,data/flat_semeval5way_test.csv,False,,,8,1e-05,24,roberta-large,2,data/flat_semeval5way_train.csv,scientsbank,4,,100,True,,100,flat_semeval5way_test.csv,,answer,flat_semeval5way_train.csv,,,,10000.0,1024.0,3737.0,0.5685185185185185,0.5685185185185185,0.7214392423629761,,,0.4121255848528576,1323.0,0.32321330589849107,1612912046.0,6.98306595365419e-06,0.6904251513182159,0.0
193,3rhkkssi,scratch-roberta-base,0.6753678206508394,True,scratch-roberta-base,scratch-group-1,data,data/flat_semeval5way_test.csv,False,,,8,1e-05,24,roberta-base,2,data/flat_semeval5way_train.csv,scientsbank,4,,100,True,,100,flat_semeval5way_test.csv,,answer,flat_semeval5way_train.csv,,,,10000.0,1024.0,13705.0,0.6777777777777778,0.6777777777777778,0.23989161849021912,,,0.6753678206508394,1857.0,0.6752389275430517,1612910714.0,0.0,0.4516744753196117,0.0
194,2vu90spi,scratch-bert-large,0.0,True,scratch-bert-large,scratch-group-1,data,data/flat_semeval5way_test.csv,False,,,8,1e-05,24,bert-base-large,2,data/flat_semeval5way_train.csv,scientsbank,4,,100,True,,100,flat_semeval5way_test.csv,,answer,flat_semeval5way_train.csv,,,,10000.0,1024.0,,,,,,,,,,,,,
195,1at4c54u,scratch-bert-base,0.6629040230171798,True,scratch-bert-base,scratch-group-1,data,data/flat_semeval5way_test.csv,False,,,8,1e-05,24,bert-base-uncased,2,data/flat_semeval5way_train.csv,scientsbank,4,,100,True,,100,flat_semeval5way_test.csv,,answer,flat_semeval5way_train.csv,,,,10000.0,1024.0,13082.0,0.6685185185185185,0.6685185185185185,0.259935200214386,,,0.6625177364935776,1785.0,0.6652734614313561,1612908840.0,0.0,0.44302828777641345,0.0
