,run_id,max_f1,log,name,group,data_dir,val_data,drop_last,optimizer,scheduler,batch_size,learn_rate,max_epochs,model_name,num_labels,train_data,data_source,num_workers,token_types,val_percent,from_scratch,max_patience,train_percent,val_data_file,scheduler_args,data_val_origin,train_data_file,optimizer_kwargs,scheduler_kwargs,_step,recall-macro,accuracy,f1-macro,_timestamp,av_epoch_loss,Train Accuracy,f1,recall,Learning Rate,_runtime,precision,Train Loss,accuracy-macro,precision-macro,Token type embedding grad norm,Word embedding grad norm,accuracy-macrp
0,dqy33d7q,0.9021189458689458,True,albert-base-squad2,beetle-3,data,data/flat_semeval5way_test.csv,False,AdamW,linear_with_warmup,8,1e-05,24,twmkn9/albert-base-v2-squad2,2,data/flat_semeval5way_train.csv,beetle,4,False,100,False,5,100,flat_semeval5way_test.csv,"[1024, 17000]",answer,flat_semeval5way_train.csv,{'weight_decay': 1e-05},{},8607.0,0.8964041095890412,0.9017094017094016,0.895509348243928,1616533747.0,0.01899856019954585,1.0,0.901818174577217,0.9017094017094016,5.27290936404607e-06,982.0,0.9019614076568744,8.712070848559961e-05,0.9017094017094016,0.8946532351801627,,,
1,1abzktve,0.9003012447747941,True,bert-base-squad2,beetle-3,data,data/flat_semeval5way_test.csv,False,AdamW,linear_with_warmup,8,1e-05,24,twmkn9/bert-base-uncased-squad2,2,data/flat_semeval5way_train.csv,beetle,4,False,100,False,5,100,flat_semeval5way_test.csv,"[1024, 17000]",answer,flat_semeval5way_train.csv,{'weight_decay': 1e-05},{},5379.0,0.8832892278953923,0.8867521367521367,0.8802566343057694,1616532753.0,0.07153960131825497,1.0,0.8871692791110777,0.8867521367521367,7.285928893340011e-06,778.0,0.8879970698780018,0.021267294883728027,0.8867521367521367,0.8776819096922635,,,
2,9serp5ql,0.8895548895548895,True,distilroberta-base-squad2,beetle-3,data,data/flat_semeval5way_test.csv,False,AdamW,linear_with_warmup,8,1e-05,24,twmkn9/distilroberta-base-squad2,2,data/flat_semeval5way_train.csv,beetle,4,False,100,False,5,100,flat_semeval5way_test.csv,"[1024, 17000]",answer,flat_semeval5way_train.csv,{'weight_decay': 1e-05},{},6455.0,0.8883094645080947,0.8803418803418803,0.8759560772434685,1616531962.0,0.11177101308730111,1.0,0.8817373631459205,0.8803418803418803,6.614922383575364e-06,578.0,0.8894868747809924,0.0036063864827156063,0.8803418803418803,0.8705436720142603,,,
3,1e6no9h8,0.9060869495955989,True,roberta-base-squad2,beetle-3,data,data/flat_semeval5way_test.csv,False,AdamW,linear_with_warmup,8,1e-05,24,deepset/roberta-base-squad2,2,data/flat_semeval5way_train.csv,beetle,4,False,100,False,5,100,flat_semeval5way_test.csv,"[1024, 17000]",answer,flat_semeval5way_train.csv,{'weight_decay': 1e-05},{},8607.0,0.8883483810709838,0.8846153846153846,0.8795470144131777,1616531371.0,0.06195067407625446,1.0,0.8856712950741777,0.8846153846153846,5.27290936404607e-06,1304.0,0.8900117739403454,0.0017436932539567351,0.8846153846153846,0.8743622448979591,,,
4,21fmthwo,0.8720730386751309,True,distilbert-base-squad2,beetle-3,data,data/flat_semeval5way_test.csv,False,AdamW,linear_with_warmup,8,1e-05,24,twmkn9/distilbert-base-uncased-squad2,2,data/flat_semeval5way_train.csv,beetle,4,False,100,False,5,100,flat_semeval5way_test.csv,"[1024, 17000]",answer,flat_semeval5way_train.csv,{'weight_decay': 1e-05},{},4303.0,0.8667496886674969,0.8675213675213675,0.8609145815358068,1616530057.0,0.14299188513454716,1.0,0.8684281812840916,0.8675213675213675,7.956935403104657e-06,359.0,0.8709217241591343,0.017949333414435387,0.8675213675213675,0.8568345323741007,,,
5,2yy2jvmz,0.9040041919729684,True,distilroberta,beetle-3,data,data/flat_semeval5way_test.csv,False,AdamW,linear_with_warmup,8,1e-05,24,distilroberta-base,2,data/flat_semeval5way_train.csv,beetle,4,False,100,False,5,100,flat_semeval5way_test.csv,"[1024, 17000]",answer,flat_semeval5way_train.csv,{'weight_decay': 1e-05},{},8607.0,0.8900217932752179,0.8824786324786325,0.8780689994931383,1616529686.0,0.07090221977194966,1.0,0.8838163863056924,0.8824786324786325,5.27290936404607e-06,758.0,0.8910828779403926,0.053510796278715134,0.8824786324786325,0.8725996839855006,,,
6,fi3zhbka,0.8917257665764251,True,distilbert-base,beetle-3,data,data/flat_semeval5way_test.csv,False,AdamW,linear_with_warmup,8,1e-05,24,distilbert-base-uncased,2,data/flat_semeval5way_train.csv,beetle,4,False,100,False,5,100,flat_semeval5way_test.csv,"[1024, 17000]",answer,flat_semeval5way_train.csv,{'weight_decay': 1e-05},{},10759.0,0.8895158779576589,0.8888888888888888,0.8833477135461605,1616528920.0,0.01831549525879599,1.0,0.8896494423673026,0.8888888888888888,3.930896344516775e-06,848.0,0.8920400521687913,0.00014707706577610224,0.8888888888888888,0.8789852328663386,,,
7,35f4iter,0.8814368985954437,True,albert-base-squad2,beetle-token_types-3,data,data/flat_semeval5way_test.csv,False,AdamW,linear_with_warmup,8,1e-05,24,twmkn9/albert-base-v2-squad2,2,data/flat_semeval5way_train.csv,beetle,4,True,100,False,5,100,flat_semeval5way_test.csv,"[1024, 17000]",answer,flat_semeval5way_train.csv,{'weight_decay': 1e-05},{},11813.0,0.8672556039850561,0.8611111111111112,0.8558997266737091,1616526130.0,0.05459283832104446,0.875,0.8626920929067275,0.8611111111111112,6.950425638457687e-06,457.0,0.8700478152657724,0.3935592472553253,0.8611111111111112,0.850850450785389,2.392608404159546,2.2453057765960693,
8,t9m0kp5f,0.8978632478632477,True,bert-base-squad2,beetle-token_types-3,data,data/flat_semeval5way_test.csv,False,AdamW,linear_with_warmup,8,1e-05,24,twmkn9/bert-base-uncased-squad2,2,data/flat_semeval5way_train.csv,beetle,4,True,100,False,5,100,flat_semeval5way_test.csv,"[1024, 17000]",answer,flat_semeval5way_train.csv,{'weight_decay': 1e-05},{},23627.0,0.8866749688667497,0.8867521367521367,0.8809874529184559,1616525664.0,0.016239315982059438,1.0,0.8874797182068731,0.8867521367521367,3.2598898347521285e-06,1425.0,0.88961098638518,0.0002043069980572909,0.8867521367521367,0.8768561187916026,0.0027117065619677305,0.0020854263566434383,
9,1wpb3ynf,0.9145299145299145,True,albert-large,beetle-3,data,data/flat_semeval5way_test.csv,False,AdamW,linear_with_warmup,8,1e-05,24,albert-large-v2,2,data/flat_semeval5way_train.csv,beetle,4,False,100,False,5,100,flat_semeval5way_test.csv,"[1024, 17000]",answer,flat_semeval5way_train.csv,{'weight_decay': 1e-05},{},11297.0,0.8929794520547945,0.8974358974358975,0.8912049593180937,1616528064.0,0.013303290587997767,1.0,0.8976584309401049,0.8974358974358975,3.595393089634452e-06,3866.0,0.8980175688509022,0.00019702764984685928,0.8974358974358975,0.8895833333333334,,,
10,1wdbnnay,0.8979591131592211,True,distilroberta-base-squad2,beetle-token_types-3,data,data/flat_semeval5way_test.csv,False,AdamW,linear_with_warmup,8,1e-05,24,twmkn9/distilroberta-base-squad2,2,data/flat_semeval5way_train.csv,beetle,4,True,100,False,5,100,flat_semeval5way_test.csv,"[1024, 17000]",answer,flat_semeval5way_train.csv,{'weight_decay': 1e-05},{},17183.0,0.884417808219178,0.8867521367521367,0.8805058412621944,1616524230.0,0.07109698759026585,1.0,0.8872775260924123,0.8867521367521367,5.27290936404607e-06,608.0,0.8884796185149542,0.0029909820295870304,0.8867521367521367,0.8773469582656862,0.0953131839632988,0.06976643949747086,
11,22lfs3bn,0.8958805398595975,True,albert-base,beetle-3,data,data/flat_semeval5way_test.csv,False,AdamW,linear_with_warmup,8,1e-05,24,albert-base-v2,2,data/flat_semeval5way_train.csv,beetle,4,False,100,False,5,100,flat_semeval5way_test.csv,"[1024, 17000]",answer,flat_semeval5way_train.csv,{'weight_decay': 1e-05},{},6993.0,0.8611067870485678,0.8675213675213675,0.8594730724525379,1616524188.0,0.04062470751518076,1.0,0.8678088066309686,0.8675213675213675,6.279419128693041e-06,800.0,0.868227682811016,0.0005864205886609852,0.8675213675213675,0.8579861111111111,,,
12,ks4g4fvl,0.914715359116754,True,roberta-base-squad2,beetle-token_types-3,data,data/flat_semeval5way_test.csv,False,AdamW,linear_with_warmup,8,1e-05,24,deepset/roberta-base-squad2,2,data/flat_semeval5way_train.csv,beetle,4,True,100,False,5,100,flat_semeval5way_test.csv,"[1024, 17000]",answer,flat_semeval5way_train.csv,{'weight_decay': 1e-05},{},9665.0,0.891189290161893,0.8867521367521367,0.8818851518340565,1616523613.0,0.13586783068256328,1.0,0.8878279965761336,0.8867521367521367,7.621432148222334e-06,653.0,0.8925305770043253,0.010145165957510471,0.8867521367521367,0.8765710753554237,0.025314822793006897,0.019238105043768883,
13,368tmqkj,0.0,True,distilbert-base-squad2,beetle-token_types-3,data,data/flat_semeval5way_test.csv,False,AdamW,linear_with_warmup,8,1e-05,24,twmkn9/distilbert-base-uncased-squad2,2,data/flat_semeval5way_train.csv,beetle,4,True,100,False,5,100,flat_semeval5way_test.csv,"[1024, 17000]",answer,flat_semeval5way_train.csv,{'weight_decay': 1e-05},{},,,,,,,,,,,,,,,,,,
14,3eu93koc,0.8957848826137397,True,distilroberta,beetle-token_types-3,data,data/flat_semeval5way_test.csv,False,AdamW,linear_with_warmup,8,1e-05,24,distilroberta-base,2,data/flat_semeval5way_train.csv,beetle,4,True,100,False,5,100,flat_semeval5way_test.csv,"[1024, 17000]",answer,flat_semeval5way_train.csv,{'weight_decay': 1e-05},{},12887.0,0.8939912826899128,0.8846153846153846,0.8805829096338859,1616522919.0,0.10146403968225168,1.0,0.8860220619345122,0.8846153846153846,6.614922383575364e-06,466.0,0.8947488441300047,0.006825539283454418,0.8846153846153846,0.8751574890684058,0.06156774982810021,0.051164574921131134,
15,2bi5i6uy,0.0,True,distilbert-base,beetle-token_types-3,data,data/flat_semeval5way_test.csv,False,AdamW,linear_with_warmup,8,1e-05,24,distilbert-base-uncased,2,data/flat_semeval5way_train.csv,beetle,4,True,100,False,5,100,flat_semeval5way_test.csv,"[1024, 17000]",answer,flat_semeval5way_train.csv,{'weight_decay': 1e-05},{},,,,,,,,,,,,,,,,,,
16,2hxjhlgw,0.9126283877883998,True,albert-large,beetle-token_types-3,data,data/flat_semeval5way_test.csv,False,AdamW,linear_with_warmup,8,1e-05,24,albert-large-v2,2,data/flat_semeval5way_train.csv,beetle,4,True,100,False,5,100,flat_semeval5way_test.csv,"[1024, 17000]",answer,flat_semeval5way_train.csv,{'weight_decay': 1e-05},{},12887.0,0.8958981942714819,0.908119658119658,0.9008156928460532,1616522413.0,0.07799651852186418,0.875,0.9074870312061964,0.908119658119658,6.614922383575364e-06,958.0,0.907934896053708,0.32790595293045044,0.908119658119658,0.906960696069607,0.7750037312507629,0.7165588736534119,
17,v47t5rxd,0.9108707034505135,True,roberta-large,beetle-3,data,data/flat_semeval5way_test.csv,False,AdamW,linear_with_warmup,8,1e-05,24,roberta-large,2,data/flat_semeval5way_train.csv,beetle,4,False,100,False,5,100,flat_semeval5way_test.csv,"[1024, 17000]",answer,flat_semeval5way_train.csv,{'weight_decay': 1e-05},{},5379.0,0.8958203611457036,0.8995726495726496,0.8935864501240911,1616523364.0,0.10200907440887376,1.0,0.8998422981964584,0.8995726495726496,7.285928893340011e-06,2586.0,0.9003255948411587,0.007521259598433971,0.8995726495726496,0.891591429726452,,,
18,ztoxvgpc,0.9082706723297255,True,albert-base,beetle-token_types-3,data,data/flat_semeval5way_test.csv,False,AdamW,linear_with_warmup,8,1e-05,24,albert-base-v2,2,data/flat_semeval5way_train.csv,beetle,4,True,100,False,5,100,flat_semeval5way_test.csv,"[1024, 17000]",answer,flat_semeval5way_train.csv,{'weight_decay': 1e-05},{},24701.0,0.90484900373599,0.8995726495726496,0.8952566440792575,1616521446.0,0.01663918635032173,1.0,0.900526713944873,0.8995726495726496,2.924386579869805e-06,924.0,0.9051644987359676,0.0003763907589018345,0.8995726495726496,0.8897203439039467,0.025426749140024185,0.020686376839876175,
19,3bcpxwx5,0.9083663579244194,True,roberta-base,beetle-3,data,data/flat_semeval5way_test.csv,False,AdamW,linear_with_warmup,8,1e-05,24,roberta-base,2,data/flat_semeval5way_train.csv,beetle,4,False,100,False,5,100,flat_semeval5way_test.csv,"[1024, 17000]",answer,flat_semeval5way_train.csv,{'weight_decay': 1e-05},{},5379.0,0.8922789539227896,0.8824786324786325,0.8784696811599677,1616520766.0,0.13121223099505416,1.0,0.8839407206066161,0.8824786324786325,7.285928893340011e-06,822.0,0.8931930046372825,0.05178406089544296,0.8824786324786325,0.8731467599533567,,,
20,vzecvy3x,0.8998422981964584,True,roberta-large,beetle-token_types-3,data,data/flat_semeval5way_test.csv,False,AdamW,linear_with_warmup,8,1e-05,24,roberta-large,2,data/flat_semeval5way_train.csv,beetle,4,True,100,False,5,100,flat_semeval5way_test.csv,"[1024, 17000]",answer,flat_semeval5way_train.csv,{'weight_decay': 1e-05},{},15035.0,0.8832503113325031,0.8824786324786325,0.876737715673082,1616520512.0,0.0624073213474554,1.0,0.8833312438853973,0.8824786324786325,5.943915873810716e-06,1834.0,0.886037732069448,0.001683675218373537,0.8824786324786325,0.8722758803182944,0.004352237097918987,0.003842352190986276,
21,125g3b1m,0.9296765072443219,True,roberta-base,beetle-token_types-3,data,data/flat_semeval5way_test.csv,False,AdamW,linear_with_warmup,8,1e-05,24,roberta-base,2,data/flat_semeval5way_train.csv,beetle,4,True,100,False,5,100,flat_semeval5way_test.csv,"[1024, 17000]",answer,flat_semeval5way_train.csv,{'weight_decay': 1e-05},{},25775.0,0.9276930261519304,0.9294871794871796,0.9252841032786172,1616518658.0,0.0250629048900308,1.0,0.929676507244322,0.9294871794871796,2.588883324987481e-06,1638.0,0.9300875201697194,0.0005567758926190436,0.9294871794871796,0.9231235682522572,0.010751614347100258,0.008143400773406029,
22,3t6px92m,0.9012306134399156,True,bert-large,beetle-3,data,data/flat_semeval5way_test.csv,False,AdamW,linear_with_warmup,8,1e-05,24,bert-large-uncased,2,data/flat_semeval5way_train.csv,beetle,4,False,100,False,5,100,flat_semeval5way_test.csv,"[1024, 17000]",answer,flat_semeval5way_train.csv,{'weight_decay': 1e-05},{},9145.0,0.887219800747198,0.8846153846153846,0.8793238468150129,1616519922.0,0.020513283894995685,1.0,0.8855872997215755,0.8846153846153846,4.937406109163746e-06,4175.0,0.8892259069097056,0.001601289608515799,0.8846153846153846,0.8743697795168937,,,
23,1t7t61om,0.91921763125105,True,bert-large,beetle-token_types-3,data,data/flat_semeval5way_test.csv,False,AdamW,linear_with_warmup,8,1e-05,24,bert-large-uncased,2,data/flat_semeval5way_train.csv,beetle,4,True,100,False,5,100,flat_semeval5way_test.csv,"[1024, 17000]",answer,flat_semeval5way_train.csv,{'weight_decay': 1e-05},{},20405.0,0.901541095890411,0.908119658119658,0.901994301994302,1616517009.0,0.03014315037640401,1.0,0.9080673046485012,0.908119658119658,4.266399599399099e-06,2446.0,0.9080236865902396,0.0014999720733612776,0.908119658119658,0.9024573378839592,0.008969116024672985,0.007678198162466288,
24,2qj3ju3k,0.8993976420598113,True,bert-base,beetle-token_types-3,data,data/flat_semeval5way_test.csv,False,AdamW,linear_with_warmup,8,1e-05,24,bert-base-uncased,2,data/flat_semeval5way_train.csv,beetle,4,True,100,False,5,100,flat_semeval5way_test.csv,"[1024, 17000]",answer,flat_semeval5way_train.csv,{'weight_decay': 1e-05},{},13961.0,0.885546388542964,0.8867521367521367,0.880749426679936,1616514554.0,0.05855000674713285,1.0,0.887380992093034,0.8867521367521367,6.279419128693041e-06,858.0,0.8890177112911046,0.042537227272987366,0.8867521367521367,0.8770719546310921,2.207319974899292,1.8549504280090332,
25,t0f9yr23,0.8980506672814366,True,albert-base-squad2,beetle-token_types-2,data,data/flat_semeval5way_test.csv,False,AdamW,linear_with_warmup,8,1e-05,24,twmkn9/albert-base-v2-squad2,2,data/flat_semeval5way_train.csv,beetle,4,True,100,False,5,100,flat_semeval5way_test.csv,"[1024, 17000]",answer,flat_semeval5way_train.csv,{'weight_decay': 1e-05},{},12887.0,0.896365193026152,0.8974358974358975,0.8918898107686681,1616513688.0,0.036809908230829184,0.875,0.8979591131592211,0.8974358974358975,6.614922383575364e-06,489.0,0.8993277370079017,0.3697218894958496,0.8974358974358975,0.8883550674902768,2.3825149536132812,1.9895999431610107,
26,3vqjgo2b,0.9123432439671756,True,bert-base-squad2,beetle-token_types-2,data,data/flat_semeval5way_test.csv,False,AdamW,linear_with_warmup,8,1e-05,24,twmkn9/bert-base-uncased-squad2,2,data/flat_semeval5way_train.csv,beetle,4,True,100,False,5,100,flat_semeval5way_test.csv,"[1024, 17000]",answer,flat_semeval5way_train.csv,{'weight_decay': 1e-05},{},25775.0,0.8969100249066002,0.8952991452991453,0.8901845103269277,1616513190.0,0.011646144479446272,1.0,0.896058744552445,0.8952991452991453,2.588883324987481e-06,1572.0,0.8987019474100579,0.00026591785717755556,0.8952991452991453,0.8855444459145293,0.004298083484172821,0.00367405079305172,
27,2zn80cjh,0.898137946800587,True,distilroberta-base-squad2,beetle-token_types-2,data,data/flat_semeval5way_test.csv,False,AdamW,linear_with_warmup,8,1e-05,24,twmkn9/distilroberta-base-squad2,2,data/flat_semeval5way_train.csv,beetle,4,True,100,False,5,100,flat_semeval5way_test.csv,"[1024, 17000]",answer,flat_semeval5way_train.csv,{'weight_decay': 1e-05},{},17183.0,0.8877646326276463,0.8824786324786325,0.8776470588235294,1616511609.0,0.07601549090694205,0.875,0.883673537791185,0.8824786324786325,5.27290936404607e-06,612.0,0.8891869827962933,0.1359587013721466,0.8824786324786325,0.8722702732995835,1.0964651107788086,0.9211004972457886,
28,11r7lf6k,0.8939801948068942,True,roberta-base-squad2,beetle-token_types-2,data,data/flat_semeval5way_test.csv,False,AdamW,linear_with_warmup,8,1e-05,24,deepset/roberta-base-squad2,2,data/flat_semeval5way_train.csv,beetle,4,True,100,False,5,100,flat_semeval5way_test.csv,"[1024, 17000]",answer,flat_semeval5way_train.csv,{'weight_decay': 1e-05},{},10739.0,0.8786192403486924,0.8696581196581197,0.8652118281956005,1616510988.0,0.1350166536732959,0.875,0.871279708309156,0.8696581196581197,7.285928893340011e-06,675.0,0.8805711104561679,0.5250739455223083,0.8696581196581197,0.8601532567049808,0.29958000779151917,0.22491075098514557,
29,loaxmb8q,0.0,True,distilbert-base-squad2,beetle-token_types-2,data,data/flat_semeval5way_test.csv,False,AdamW,linear_with_warmup,8,1e-05,24,twmkn9/distilbert-base-uncased-squad2,2,data/flat_semeval5way_train.csv,beetle,4,True,100,False,5,100,flat_semeval5way_test.csv,"[1024, 17000]",answer,flat_semeval5way_train.csv,{'weight_decay': 1e-05},{},,,,,,,,,,,,,,,,,,
30,2mvd24s6,0.8896494423673026,True,distilroberta,beetle-token_types-2,data,data/flat_semeval5way_test.csv,False,AdamW,linear_with_warmup,8,1e-05,24,distilroberta-base,2,data/flat_semeval5way_train.csv,beetle,4,True,100,False,5,100,flat_semeval5way_test.csv,"[1024, 17000]",answer,flat_semeval5way_train.csv,{'weight_decay': 1e-05},{},19331.0,0.8780744084682441,0.8717948717948718,0.8668714797747056,1616510272.0,0.05211404720037861,1.0,0.873217185045142,0.8717948717948718,4.601902854281423e-06,692.0,0.8800705113889064,0.0005521771381609142,0.8717948717948718,0.8616094692175984,0.003732688026502729,0.0031923565547913313,
31,lsd5tyjj,0.0,True,distilbert-base,beetle-token_types-2,data,data/flat_semeval5way_test.csv,False,AdamW,linear_with_warmup,8,1e-05,24,distilbert-base-uncased,2,data/flat_semeval5way_train.csv,beetle,4,True,100,False,5,100,flat_semeval5way_test.csv,"[1024, 17000]",answer,flat_semeval5way_train.csv,{'weight_decay': 1e-05},{},,,,,,,,,,,,,,,,,,
32,3v606m2u,0.8942135481804729,True,albert-large,beetle-token_types-2,data,data/flat_semeval5way_test.csv,False,AdamW,linear_with_warmup,8,1e-05,24,albert-large-v2,2,data/flat_semeval5way_train.csv,beetle,4,True,100,False,5,100,flat_semeval5way_test.csv,"[1024, 17000]",answer,flat_semeval5way_train.csv,{'weight_decay': 1e-05},{},17183.0,0.8923567870485678,0.8910256410256411,0.8857022454423124,1616509541.0,0.03549236985825484,1.0,0.8918162443300955,0.8910256410256411,5.27290936404607e-06,1257.0,0.8944805422965213,0.0007165581919252872,0.8910256410256411,0.8811215907157843,0.010304907336831093,0.008654189296066761,
33,2snxf3ha,0.89142704216349,True,albert-base,beetle-token_types-2,data,data/flat_semeval5way_test.csv,False,AdamW,linear_with_warmup,8,1e-05,24,albert-base-v2,2,data/flat_semeval5way_train.csv,beetle,4,True,100,False,5,100,flat_semeval5way_test.csv,"[1024, 17000]",answer,flat_semeval5way_train.csv,{'weight_decay': 1e-05},{},15035.0,0.8718866749688667,0.8739316239316239,0.8672493617757777,1616508276.0,0.06909191847742803,1.0,0.8746316704431887,0.8739316239316239,5.943915873810716e-06,578.0,0.8763233370727614,0.0014903838746249676,0.8739316239316239,0.8637124859649457,0.10938256233930588,0.08122977614402771,
34,1p7jcn6w,0.9029101610803062,True,roberta-large,beetle-token_types-2,data,data/flat_semeval5way_test.csv,False,AdamW,linear_with_warmup,8,1e-05,24,roberta-large,2,data/flat_semeval5way_train.csv,beetle,4,True,100,False,5,100,flat_semeval5way_test.csv,"[1024, 17000]",answer,flat_semeval5way_train.csv,{'weight_decay': 1e-05},{},9665.0,0.8702132627646326,0.8760683760683761,0.8685393258426968,1616507688.0,0.1285272924420198,1.0,0.8763372707192931,0.8760683760683761,7.621432148222334e-06,1215.0,0.8767390788224121,0.007155433762818575,0.8760683760683761,0.8670138888888889,0.0009354643407277764,0.0007506008842028677,
35,3srh82b1,0.8967997564488792,True,roberta-base,beetle-token_types-2,data,data/flat_semeval5way_test.csv,False,AdamW,linear_with_warmup,8,1e-05,24,roberta-base,2,data/flat_semeval5way_train.csv,beetle,4,True,100,False,5,100,flat_semeval5way_test.csv,"[1024, 17000]",answer,flat_semeval5way_train.csv,{'weight_decay': 1e-05},{},10739.0,0.892395703611457,0.8952991452991453,0.8892938694525039,1616506464.0,0.14022895808022387,1.0,0.8956848052159021,0.8952991452991453,7.285928893340011e-06,698.0,0.8964855743112862,0.016026850789785385,0.8952991452991453,0.886655162496405,0.3763698935508728,0.2797605097293854,
36,igico5q5,0.8991485688020668,True,bert-large,beetle-token_types-2,data,data/flat_semeval5way_test.csv,False,AdamW,linear_with_warmup,8,1e-05,24,bert-large-uncased,2,data/flat_semeval5way_train.csv,beetle,4,True,100,False,5,100,flat_semeval5way_test.csv,"[1024, 17000]",answer,flat_semeval5way_train.csv,{'weight_decay': 1e-05},{},13961.0,0.8894769613947696,0.8846153846153846,0.8797647820046816,1616505756.0,0.024357205754835947,0.875,0.885750632034911,0.8846153846153846,6.279419128693041e-06,1686.0,0.8908515352959797,0.11313175410032272,0.8846153846153846,0.8744107744107744,0.9194651246070862,0.7995654940605164,
37,1jjom0cr,0.8996287681412487,True,bert-base,beetle-token_types-2,data,data/flat_semeval5way_test.csv,False,AdamW,linear_with_warmup,8,1e-05,24,bert-base-uncased,2,data/flat_semeval5way_train.csv,beetle,4,True,100,False,5,100,flat_semeval5way_test.csv,"[1024, 17000]",answer,flat_semeval5way_train.csv,{'weight_decay': 1e-05},{},16109.0,0.8855074719800747,0.8824786324786325,0.8772034444099898,1616504061.0,0.05977985182748378,1.0,0.8835119167395008,0.8824786324786325,5.608412618928392e-06,1028.0,0.8875050875050875,0.0027186356019228697,0.8824786324786325,0.8721611721611722,0.08863898366689682,0.06195352226495743,
38,1xgnbe38,0.8803418803418803,True,albert-base-squad2,beetle-token_types-1,data,data/flat_semeval5way_test.csv,False,AdamW,linear_with_warmup,8,1e-05,24,twmkn9/albert-base-v2-squad2,2,data/flat_semeval5way_train.csv,beetle,4,True,100,False,5,100,flat_semeval5way_test.csv,"[1024, 17000]",answer,flat_semeval5way_train.csv,{'weight_decay': 1e-05},{},13961.0,0.8656211083437111,0.8675213675213675,0.8606393606393605,1616503025.0,0.03517248387988865,1.0,0.8683154452385221,0.8675213675213675,6.279419128693041e-06,535.0,0.8702783622996388,0.0044563389383256435,0.8675213675213675,0.8569528875379939,0.6486711502075195,0.5888933539390564,
39,3r0icb23,0.8772877158893486,True,bert-base-squad2,beetle-token_types-1,data,data/flat_semeval5way_test.csv,False,AdamW,linear_with_warmup,8,1e-05,24,twmkn9/bert-base-uncased-squad2,2,data/flat_semeval5way_train.csv,beetle,4,True,100,False,5,100,flat_semeval5way_test.csv,"[1024, 17000]",answer,flat_semeval5way_train.csv,{'weight_decay': 1e-05},{},9665.0,0.8763620797011208,0.8696581196581197,0.8647674358014807,1616502482.0,0.10218096699143428,1.0,0.8711418102663133,0.8696581196581197,7.621432148222334e-06,603.0,0.8784618403356205,0.015757782384753227,0.8696581196581197,0.8595501440654336,1.109127402305603,0.8707895278930664,
40,2kpz62tl,0.8932806245404532,True,distilroberta-base-squad2,beetle-token_types-1,data,data/flat_semeval5way_test.csv,False,AdamW,linear_with_warmup,8,1e-05,24,twmkn9/distilroberta-base-squad2,2,data/flat_semeval5way_train.csv,beetle,4,True,100,False,5,100,flat_semeval5way_test.csv,"[1024, 17000]",answer,flat_semeval5way_train.csv,{'weight_decay': 1e-05},{},12887.0,0.8741827521793275,0.8782051282051282,0.871219399159035,1616501870.0,0.09690060117195096,0.875,0.8786537530062535,0.8782051282051282,6.614922383575364e-06,459.0,0.8795085654447173,0.18834471702575684,0.8782051282051282,0.8687086568881219,1.113921046257019,0.9707276225090028,
41,2ymbeubi,0.9031841024250891,True,roberta-base-squad2,beetle-token_types-1,data,data/flat_semeval5way_test.csv,False,AdamW,linear_with_warmup,8,1e-05,24,deepset/roberta-base-squad2,2,data/flat_semeval5way_train.csv,beetle,4,True,100,False,5,100,flat_semeval5way_test.csv,"[1024, 17000]",answer,flat_semeval5way_train.csv,{'weight_decay': 1e-05},{},12887.0,0.8850015566625156,0.8888888888888888,0.8823916027140399,1616501402.0,0.09257858907504168,1.0,0.889243286316608,0.8888888888888888,6.614922383575364e-06,822.0,0.8899006975930053,0.003313943510875106,0.8888888888888888,0.8801198801198802,0.02052466571331024,0.017193539068102837,
42,2dw4an42,0.0,True,distilbert-base-squad2,beetle-token_types-1,data,data/flat_semeval5way_test.csv,False,AdamW,linear_with_warmup,8,1e-05,24,twmkn9/distilbert-base-uncased-squad2,2,data/flat_semeval5way_train.csv,beetle,4,True,100,False,5,100,flat_semeval5way_test.csv,"[1024, 17000]",answer,flat_semeval5way_train.csv,{'weight_decay': 1e-05},{},,,,,,,,,,,,,,,,,,
43,3n7jqudf,0.8982998219747337,True,distilroberta,beetle-token_types-1,data,data/flat_semeval5way_test.csv,False,AdamW,linear_with_warmup,8,1e-05,24,distilroberta-base,2,data/flat_semeval5way_train.csv,beetle,4,True,100,False,5,100,flat_semeval5way_test.csv,"[1024, 17000]",answer,flat_semeval5way_train.csv,{'weight_decay': 1e-05},{},20405.0,0.9008795143212952,0.8974358974358975,0.8927323082800115,1616500540.0,0.046955914762890384,1.0,0.8982998219747337,0.8974358974358975,4.266399599399099e-06,712.0,0.9018727654065152,0.0013877864694222808,0.8974358974358975,0.8875761908345248,0.023850755766034126,0.01685130037367344,
44,1fcpfhfp,0.0,True,distilbert-base,beetle-token_types-1,data,data/flat_semeval5way_test.csv,False,AdamW,linear_with_warmup,8,1e-05,24,distilbert-base-uncased,2,data/flat_semeval5way_train.csv,beetle,4,True,100,False,5,100,flat_semeval5way_test.csv,"[1024, 17000]",answer,flat_semeval5way_train.csv,{'weight_decay': 1e-05},{},,,,,,,,,,,,,,,,,,
45,4jc80eaw,0.9252554656371,True,albert-large,beetle-token_types-1,data,data/flat_semeval5way_test.csv,False,AdamW,linear_with_warmup,8,1e-05,24,albert-large-v2,2,data/flat_semeval5way_train.csv,beetle,4,True,100,False,5,100,flat_semeval5way_test.csv,"[1024, 17000]",answer,flat_semeval5way_train.csv,{'weight_decay': 1e-05},{},10739.0,0.9094411581569116,0.908119658119658,0.9034426504810114,1616499786.0,0.09058517680908276,1.0,0.9087099600546328,0.908119658119658,7.285928893340011e-06,808.0,0.910741455544323,0.006161751225590706,0.908119658119658,0.8990442054958184,0.0834793746471405,0.06650274246931076,
46,2gsx3uf8,0.8897394025991698,True,albert-base,beetle-token_types-1,data,data/flat_semeval5way_test.csv,False,AdamW,linear_with_warmup,8,1e-05,24,albert-base-v2,2,data/flat_semeval5way_train.csv,beetle,4,True,100,False,5,100,flat_semeval5way_test.csv,"[1024, 17000]",answer,flat_semeval5way_train.csv,{'weight_decay': 1e-05},{},20405.0,0.8672556039850561,0.8611111111111112,0.8558997266737091,1616498970.0,0.02959192482665376,1.0,0.8626920929067275,0.8611111111111112,4.266399599399099e-06,754.0,0.8700478152657724,0.05382036417722702,0.8611111111111112,0.850850450785389,2.263584852218628,1.7196900844573977,
47,2nby99h5,0.9012306134399156,True,roberta-large,beetle-token_types-1,data,data/flat_semeval5way_test.csv,False,AdamW,linear_with_warmup,8,1e-05,24,roberta-large,2,data/flat_semeval5way_train.csv,beetle,4,True,100,False,5,100,flat_semeval5way_test.csv,"[1024, 17000]",answer,flat_semeval5way_train.csv,{'weight_decay': 1e-05},{},8591.0,0.8946528642590287,0.8952991452991453,0.8897494699493746,1616498205.0,0.1350488087054648,1.0,0.8958805398595975,0.8952991452991453,7.956935403104657e-06,1053.0,0.8974806274366669,0.003714660182595253,0.8952991452991453,0.8859782670751899,0.005510907154530287,0.004736130591481924,
48,3qe599bb,0.910794333871257,True,roberta-base,beetle-token_types-1,data,data/flat_semeval5way_test.csv,False,AdamW,linear_with_warmup,8,1e-05,24,roberta-base,2,data/flat_semeval5way_train.csv,beetle,4,True,100,False,5,100,flat_semeval5way_test.csv,"[1024, 17000]",answer,flat_semeval5way_train.csv,{'weight_decay': 1e-05},{},22553.0,0.8997120174346203,0.8931623931623932,0.8888677811550152,1616497143.0,0.05183225742871061,1.0,0.8942827267295352,0.8931623931623932,3.595393089634452e-06,1394.0,0.9001620104605179,0.0005506491288542747,0.8931623931623932,0.8832462686567164,0.0023549445904791355,0.0017539359396323562,
49,19uwuall,0.8853070006916163,True,bert-large,beetle-token_types-1,data,data/flat_semeval5way_test.csv,False,AdamW,linear_with_warmup,8,1e-05,24,bert-large-uncased,2,data/flat_semeval5way_train.csv,beetle,4,True,100,False,5,100,flat_semeval5way_test.csv,"[1024, 17000]",answer,flat_semeval5way_train.csv,{'weight_decay': 1e-05},{},25775.0,0.8763620797011208,0.8696581196581197,0.8647674358014807,1616495739.0,0.011047884718755764,1.0,0.8711418102663133,0.8696581196581197,2.588883324987481e-06,3172.0,0.8784618403356205,3.957630542572588e-05,0.8696581196581197,0.8595501440654336,0.0004059857747051865,0.00036644950159825385,
50,1rfy9mpk,0.898137946800587,True,bert-base,beetle-token_types-1,data,data/flat_semeval5way_test.csv,False,AdamW,linear_with_warmup,8,1e-05,24,bert-base-uncased,2,data/flat_semeval5way_train.csv,beetle,4,True,100,False,5,100,flat_semeval5way_test.csv,"[1024, 17000]",answer,flat_semeval5way_train.csv,{'weight_decay': 1e-05},{},15035.0,0.898038605230386,0.8952991452991453,0.8903944595001505,1616492558.0,0.03535013629771672,1.0,0.89614136407271,0.8952991452991453,5.943915873810716e-06,964.0,0.8993966770132572,0.0016695604426786304,0.8952991452991453,0.8854168629298163,0.02515547350049019,0.020890729501843452,
51,157j9x68,0.8941400880316461,True,bert-base,beetle-3,data,data/flat_semeval5way_test.csv,False,AdamW,linear_with_warmup,8,1e-05,24,bert-base-uncased,2,data/flat_semeval5way_train.csv,beetle,4,False,100,False,5,100,flat_semeval5way_test.csv,"[1024, 17000]",answer,flat_semeval5way_train.csv,{'weight_decay': 1e-05},{},7531.0,0.875233499377335,0.8696581196581197,0.8645364258836592,1616241608.0,0.04026976488684843,1.0,0.8710651783873671,0.8696581196581197,5.943915873810716e-06,901.0,0.877484755230856,0.0011201933957636356,0.8696581196581197,0.8593269607021075,,,
52,3jljr692,0.9064625203959524,True,albert-base-squad2,beetle-2,data,data/flat_semeval5way_test.csv,False,AdamW,linear_with_warmup,8,1e-05,24,twmkn9/albert-base-v2-squad2,2,data/flat_semeval5way_train.csv,beetle,4,False,100,False,5,100,flat_semeval5way_test.csv,"[1024, 17000]",answer,flat_semeval5way_train.csv,{'weight_decay': 1e-05},{},9145.0,0.887219800747198,0.8846153846153846,0.8793238468150129,1616240699.0,0.02399354961186479,0.875,0.8855872997215755,0.8846153846153846,4.937406109163746e-06,684.0,0.8892259069097056,0.7862411737442017,0.8846153846153846,0.8743697795168937,,,
53,3s6f0vg8,0.9060869495955989,True,bert-base-squad2,beetle-2,data,data/flat_semeval5way_test.csv,False,AdamW,linear_with_warmup,8,1e-05,24,twmkn9/bert-base-uncased-squad2,2,data/flat_semeval5way_train.csv,beetle,4,False,100,False,5,100,flat_semeval5way_test.csv,"[1024, 17000]",answer,flat_semeval5way_train.csv,{'weight_decay': 1e-05},{},8069.0,0.8736768368617684,0.8846153846153846,0.8762026060546684,1616240007.0,0.02917065410629356,1.0,0.8842016414074806,0.8846153846153846,5.608412618928392e-06,951.0,0.8840960855173251,0.0003962744667660445,0.8846153846153846,0.8790761942360836,,,
54,3avamy4u,0.8833312438853973,True,distilroberta-base-squad2,beetle-2,data,data/flat_semeval5way_test.csv,False,AdamW,linear_with_warmup,8,1e-05,24,twmkn9/distilroberta-base-squad2,2,data/flat_semeval5way_train.csv,beetle,4,False,100,False,5,100,flat_semeval5way_test.csv,"[1024, 17000]",answer,flat_semeval5way_train.csv,{'weight_decay': 1e-05},{},5379.0,0.866088107098381,0.8568376068376068,0.8521884648926392,1616239048.0,0.10778413567785,1.0,0.8586860608639193,0.8568376068376068,7.285928893340011e-06,368.0,0.8690784480258165,0.020209720358252525,0.8568376068376068,0.8475642423010844,,,
55,3tng1ilr,0.9106303418803418,True,roberta-base-squad2,beetle-2,data,data/flat_semeval5way_test.csv,False,AdamW,linear_with_warmup,8,1e-05,24,deepset/roberta-base-squad2,2,data/flat_semeval5way_train.csv,beetle,4,False,100,False,5,100,flat_semeval5way_test.csv,"[1024, 17000]",answer,flat_semeval5way_train.csv,{'weight_decay': 1e-05},{},10759.0,0.8798256537982565,0.8782051282051282,0.8724996773777262,1616238671.0,0.035966939710808436,1.0,0.8791848520845812,0.8782051282051282,3.930896344516775e-06,1251.0,0.8825271447033105,0.0006323656998574734,0.8782051282051282,0.8677814413565709,,,
56,2esxgrw8,0.8829115160586655,True,distilbert-base-squad2,beetle-2,data,data/flat_semeval5way_test.csv,False,AdamW,linear_with_warmup,8,1e-05,24,twmkn9/distilbert-base-uncased-squad2,2,data/flat_semeval5way_train.csv,beetle,4,False,100,False,5,100,flat_semeval5way_test.csv,"[1024, 17000]",answer,flat_semeval5way_train.csv,{'weight_decay': 1e-05},{},7531.0,0.8671777708592777,0.8525641025641025,0.8488874330237021,1616237412.0,0.046852167217719454,0.875,0.854729812019407,0.8525641025641025,5.943915873810716e-06,487.0,0.871261653568965,0.2917095422744751,0.8525641025641025,0.8460417010507785,,,
57,1oyby4g3,0.8854986103914457,True,distilroberta,beetle-2,data,data/flat_semeval5way_test.csv,False,AdamW,linear_with_warmup,8,1e-05,24,distilroberta-base,2,data/flat_semeval5way_train.csv,beetle,4,False,100,False,5,100,flat_semeval5way_test.csv,"[1024, 17000]",answer,flat_semeval5way_train.csv,{'weight_decay': 1e-05},{},4303.0,0.8723536737235367,0.8632478632478633,0.8586956521739131,1616236916.0,0.17461918937190046,1.0,0.8649820388950823,0.8632478632478633,7.956935403104657e-06,303.0,0.874819197896121,0.07062934339046478,0.8632478632478633,0.8538461538461539,,,
58,23stjx6e,0.8933941988959423,True,distilbert-base,beetle-2,data,data/flat_semeval5way_test.csv,False,AdamW,linear_with_warmup,8,1e-05,24,distilbert-base-uncased,2,data/flat_semeval5way_train.csv,beetle,4,False,100,False,5,100,flat_semeval5way_test.csv,"[1024, 17000]",answer,flat_semeval5way_train.csv,{'weight_decay': 1e-05},{},12911.0,0.8850015566625156,0.8888888888888888,0.8823916027140399,1616236605.0,0.011472331758829854,1.0,0.889243286316608,0.8888888888888888,2.588883324987481e-06,839.0,0.8899006975930053,0.0001235517702298239,0.8888888888888888,0.8801198801198802,,,
59,vyww9x5j,0.9125371526864825,True,albert-large,beetle-2,data,data/flat_semeval5way_test.csv,False,AdamW,linear_with_warmup,8,1e-05,24,albert-large-v2,2,data/flat_semeval5way_train.csv,beetle,4,False,100,False,5,100,flat_semeval5way_test.csv,"[1024, 17000]",answer,flat_semeval5way_train.csv,{'weight_decay': 1e-05},{},5917.0,0.8974548567870486,0.8931623931623932,0.8884694577899794,1616235757.0,0.06473173952440787,1.0,0.8941400880316461,0.8931623931623932,6.950425638457687e-06,859.0,0.8984369388781153,0.0017613675445318222,0.8931623931623932,0.883140756302521,,,
60,3gmdc8sy,0.895971814945977,True,albert-base,beetle-2,data,data/flat_semeval5way_test.csv,False,AdamW,linear_with_warmup,8,1e-05,24,albert-base-v2,2,data/flat_semeval5way_train.csv,beetle,4,False,100,False,5,100,flat_semeval5way_test.csv,"[1024, 17000]",answer,flat_semeval5way_train.csv,{'weight_decay': 1e-05},{},8069.0,0.8821217310087173,0.8824786324786325,0.8764964134059449,1616234890.0,0.026023558488956423,1.0,0.8832336698373213,0.8824786324786325,5.608412618928392e-06,908.0,0.8853848925533512,0.0008912748307920992,0.8824786324786325,0.8724185014507595,,,
61,2l538p0n,0.9065464450079835,True,roberta-large,beetle-2,data,data/flat_semeval5way_test.csv,False,AdamW,linear_with_warmup,8,1e-05,24,roberta-large,2,data/flat_semeval5way_train.csv,beetle,4,False,100,False,5,100,flat_semeval5way_test.csv,"[1024, 17000]",answer,flat_semeval5way_train.csv,{'weight_decay': 1e-05},{},6455.0,0.9014632627646326,0.8995726495726496,0.8946667752115428,1616233972.0,0.08180872610997784,0.875,0.9003012447747941,0.8995726495726496,6.614922383575364e-06,1529.0,0.9029233525235943,0.8476957082748413,0.8995726495726496,0.8899673011132743,,,
62,20pkvudi,0.9154261813836282,True,roberta-base,beetle-2,data,data/flat_semeval5way_test.csv,False,AdamW,linear_with_warmup,8,1e-05,24,roberta-base,2,data/flat_semeval5way_train.csv,beetle,4,False,100,False,5,100,flat_semeval5way_test.csv,"[1024, 17000]",answer,flat_semeval5way_train.csv,{'weight_decay': 1e-05},{},12911.0,0.9060554171855542,0.908119658119658,0.9028497221726056,1616232435.0,0.023372762624535765,1.0,0.9084580943731386,0.908119658119658,2.588883324987481e-06,1516.0,0.9092183309612129,0.0375712588429451,0.908119658119658,0.9001150417026171,,,
63,36bofw97,0.89142704216349,True,bert-large,beetle-2,data,data/flat_semeval5way_test.csv,False,AdamW,linear_with_warmup,8,1e-05,24,bert-large-uncased,2,data/flat_semeval5way_train.csv,beetle,4,False,100,False,5,100,flat_semeval5way_test.csv,"[1024, 17000]",answer,flat_semeval5way_train.csv,{'weight_decay': 1e-05},{},5379.0,0.8861301369863014,0.8888888888888888,0.882638888888889,1616230909.0,0.05877938707543315,0.875,0.8893518518518518,0.8888888888888888,7.285928893340011e-06,1276.0,0.8903517724705722,0.4580206573009491,0.8888888888888888,0.8797458665033681,,,
64,250ds2on,0.887380992093034,True,bert-base,beetle-2,data,data/flat_semeval5way_test.csv,False,AdamW,linear_with_warmup,8,1e-05,24,bert-base-uncased,2,data/flat_semeval5way_train.csv,beetle,4,False,100,False,5,100,flat_semeval5way_test.csv,"[1024, 17000]",answer,flat_semeval5way_train.csv,{'weight_decay': 1e-05},{},10221.0,0.8690068493150684,0.8675213675213675,0.8614458981950148,1616229625.0,0.027348190179468677,1.0,0.8686372700506977,0.8675213675213675,4.266399599399099e-06,1237.0,0.8723634289139595,0.0012231768341735003,0.8675213675213675,0.8567612310933854,,,
65,325msndm,0.9027663423570742,True,albert-base-squad2,beetle-1,data,data/flat_semeval5way_test.csv,False,AdamW,linear_with_warmup,8,1e-05,24,twmkn9/albert-base-v2-squad2,2,data/flat_semeval5way_train.csv,beetle,4,False,100,False,5,100,flat_semeval5way_test.csv,"[1024, 17000]",answer,flat_semeval5way_train.csv,{'weight_decay': 1e-05},{},4841.0,0.8968711083437111,0.8910256410256411,0.8865454545454545,1616228380.0,0.04622108396902896,1.0,0.8921336441336442,0.8910256410256411,7.621432148222334e-06,350.0,0.8976054612975275,0.01023926492780447,0.8910256410256411,0.8810128710466832,,,
66,zxw45lva,0.8862739180108413,True,bert-base-squad2,beetle-1,data,data/flat_semeval5way_test.csv,False,AdamW,linear_with_warmup,8,1e-05,24,twmkn9/bert-base-uncased-squad2,2,data/flat_semeval5way_train.csv,beetle,4,False,100,False,5,100,flat_semeval5way_test.csv,"[1024, 17000]",answer,flat_semeval5way_train.csv,{'weight_decay': 1e-05},{},6455.0,0.8651541095890412,0.8782051282051282,0.8688489127281844,1616228022.0,0.04931356253611956,1.0,0.8775314806907881,0.8782051282051282,6.614922383575364e-06,776.0,0.8775497816021419,0.003084176452830434,0.8782051282051282,0.8733264368273419,,,
67,j40idsy9,0.8854986103914457,True,distilroberta-base-squad2,beetle-1,data,data/flat_semeval5way_test.csv,False,AdamW,linear_with_warmup,8,1e-05,24,twmkn9/distilroberta-base-squad2,2,data/flat_semeval5way_train.csv,beetle,4,False,100,False,5,100,flat_semeval5way_test.csv,"[1024, 17000]",answer,flat_semeval5way_train.csv,{'weight_decay': 1e-05},{},7531.0,0.8701743462017435,0.8717948717948718,0.8651348651348651,1616227238.0,0.08440625119638115,1.0,0.8725633341017957,0.8717948717948718,5.943915873810716e-06,513.0,0.8745070532304574,0.05221942439675331,0.8717948717948718,0.8613981762917933,,,
68,237ogwy3,0.9088587480638068,True,roberta-base-squad2,beetle-1,data,data/flat_semeval5way_test.csv,False,AdamW,linear_with_warmup,8,1e-05,24,deepset/roberta-base-squad2,2,data/flat_semeval5way_train.csv,beetle,4,False,100,False,5,100,flat_semeval5way_test.csv,"[1024, 17000]",answer,flat_semeval5way_train.csv,{'weight_decay': 1e-05},{},9145.0,0.8979996886674969,0.8910256410256411,0.88674356918142,1616226717.0,0.0534956533483637,1.0,0.892202034389438,0.8910256410256411,4.937406109163746e-06,1089.0,0.8985238027666336,0.00136598851531744,0.8910256410256411,0.8811280675275308,,,
69,1m2vhzqf,0.8852040023041235,True,distilbert-base-squad2,beetle-1,data,data/flat_semeval5way_test.csv,False,AdamW,linear_with_warmup,8,1e-05,24,twmkn9/distilbert-base-uncased-squad2,2,data/flat_semeval5way_train.csv,beetle,4,False,100,False,5,100,flat_semeval5way_test.csv,"[1024, 17000]",answer,flat_semeval5way_train.csv,{'weight_decay': 1e-05},{},10221.0,0.8843399750933998,0.8782051282051282,0.8734192832027636,1616225619.0,0.02365526693756692,1.0,0.8795199207881954,0.8782051282051282,4.266399599399099e-06,678.0,0.8859003742451671,0.0005705180810764432,0.8782051282051282,0.8680474034322768,,,
70,35pecbad,0.8982209870146183,True,distilroberta,beetle-1,data,data/flat_semeval5way_test.csv,False,AdamW,linear_with_warmup,8,1e-05,24,distilroberta-base,2,data/flat_semeval5way_train.csv,beetle,4,False,100,False,5,100,flat_semeval5way_test.csv,"[1024, 17000]",answer,flat_semeval5way_train.csv,{'weight_decay': 1e-05},{},11297.0,0.8820828144458281,0.8782051282051282,0.8729708236705889,1616224933.0,0.03737862174839121,1.0,0.8793621849969738,0.8782051282051282,3.595393089634452e-06,731.0,0.8841079625165639,0.00017718698654789478,0.8782051282051282,0.8678048963230749,,,
71,2sym8yv8,0.8854051901506603,True,distilbert-base,beetle-1,data,data/flat_semeval5way_test.csv,False,AdamW,linear_with_warmup,8,1e-05,24,distilbert-base-uncased,2,data/flat_semeval5way_train.csv,beetle,4,False,100,False,5,100,flat_semeval5way_test.csv,"[1024, 17000]",answer,flat_semeval5way_train.csv,{'weight_decay': 1e-05},{},9145.0,0.8746497509339975,0.8675213675213675,0.8626656569481257,1616224194.0,0.03155308159354595,1.0,0.8690663663401264,0.8675213675213675,4.937406109163746e-06,586.0,0.8768663253957372,0.022761518135666847,0.8675213675213675,0.8575089126559714,,,
72,3jg5xeg4,0.9096997868927693,True,albert-large,beetle-1,data,data/flat_semeval5way_test.csv,False,AdamW,linear_with_warmup,8,1e-05,24,albert-large-v2,2,data/flat_semeval5way_train.csv,beetle,4,False,100,False,5,100,flat_semeval5way_test.csv,"[1024, 17000]",answer,flat_semeval5way_train.csv,{'weight_decay': 1e-05},{},6455.0,0.893563200498132,0.8995726495726496,0.8931190141837424,1616223600.0,0.07485661143784536,1.0,0.8996287681412487,0.8995726495726496,6.614922383575364e-06,944.0,0.8996934944864353,0.0018125169444829223,0.8995726495726496,0.8926844894868659,,,
73,spmt2qqh,0.9064625203959524,True,albert-base,beetle-1,data,data/flat_semeval5way_test.csv,False,AdamW,linear_with_warmup,8,1e-05,24,albert-base-v2,2,data/flat_semeval5way_train.csv,beetle,4,False,100,False,5,100,flat_semeval5way_test.csv,"[1024, 17000]",answer,flat_semeval5way_train.csv,{'weight_decay': 1e-05},{},9683.0,0.8947306973848069,0.903846153846154,0.8969581618823483,1616222648.0,0.02532314379797428,1.0,0.9035615260790544,0.903846153846154,4.601902854281423e-06,702.0,0.9034958976479446,0.00014747865498065948,0.903846153846154,0.8994329257487153,,,
74,56ylsa5g,0.9065464450079835,True,roberta-large,beetle-1,data,data/flat_semeval5way_test.csv,False,AdamW,linear_with_warmup,8,1e-05,24,roberta-large,2,data/flat_semeval5way_train.csv,beetle,4,False,100,False,5,100,flat_semeval5way_test.csv,"[1024, 17000]",answer,flat_semeval5way_train.csv,{'weight_decay': 1e-05},{},6455.0,0.8974159402241594,0.8888888888888888,0.8848163574403636,1616221936.0,0.07171702762636088,1.0,0.8901846943497834,0.8888888888888888,6.614922383575364e-06,1556.0,0.8979005743711627,0.010693586431443691,0.8888888888888888,0.8792335115864528,,,
75,8zzl3fsx,0.9043800876261608,True,roberta-base,beetle-1,data,data/flat_semeval5way_test.csv,False,AdamW,linear_with_warmup,8,1e-05,24,roberta-base,2,data/flat_semeval5way_train.csv,beetle,4,False,100,False,5,100,flat_semeval5way_test.csv,"[1024, 17000]",answer,flat_semeval5way_train.csv,{'weight_decay': 1e-05},{},6455.0,0.882043897882939,0.8739316239316239,0.8694190253245371,1616220372.0,0.10374011406753172,1.0,0.8754358234673195,0.8739316239316239,6.614922383575364e-06,774.0,0.8836974313001392,0.011908290907740591,0.8739316239316239,0.8641658165631085,,,
76,2gwc8b9k,0.9079595448632317,True,bert-large,beetle-1,data,data/flat_semeval5way_test.csv,False,AdamW,linear_with_warmup,8,1e-05,24,bert-large-uncased,2,data/flat_semeval5way_train.csv,beetle,4,False,100,False,5,100,flat_semeval5way_test.csv,"[1024, 17000]",answer,flat_semeval5way_train.csv,{'weight_decay': 1e-05},{},7531.0,0.8986612702366127,0.9017094017094016,0.8959618024008815,1616219588.0,0.030640703978548768,1.0,0.90202290712623,0.9017094017094016,5.943915873810716e-06,1838.0,0.9026443641828256,0.002094201510772109,0.9017094017094016,0.8936063936063936,,,
77,3mtec359,0.8830238478317486,True,bert-base,beetle-1,data,data/flat_semeval5way_test.csv,False,AdamW,linear_with_warmup,8,1e-05,24,bert-base-uncased,2,data/flat_semeval5way_train.csv,beetle,4,False,100,False,5,100,flat_semeval5way_test.csv,"[1024, 17000]",answer,flat_semeval5way_train.csv,{'weight_decay': 1e-05},{},9145.0,0.8724704234122043,0.8760683760683761,0.8690972222222222,1616217741.0,0.028317566518193987,1.0,0.8765847578347576,0.8760683760683761,4.937406109163746e-06,1090.0,0.8776293958473995,0.002508993726223707,0.8760683760683761,0.8663120024494795,,,
78,333s9t00,0.8077512643459113,True,albert-base-squad2,scientsbank-token_types-3,data,data/flat_semeval5way_test.csv,False,AdamW,linear_with_warmup,8,1e-05,24,twmkn9/albert-base-v2-squad2,2,data/flat_semeval5way_train.csv,scientsbank,4,True,100,False,5,100,flat_semeval5way_test.csv,"[1024, 17000]",answer,flat_semeval5way_train.csv,{'weight_decay': 1e-05},{},22427.0,0.782933273685535,0.7925925925925926,0.785823559408465,1616216643.0,0.017196321417058187,0.0,0.7910413558212301,0.7925925925925926,3.6329494241362047e-06,1157.0,0.7922005556169114,0.00031192204914987087,0.7925925925925926,0.7915412207032657,0.0015283833490684628,0.0012288414873182774,
79,18ns0hmd,0.8148148148148148,True,bert-base-squad2,scientsbank-token_types-3,data,data/flat_semeval5way_test.csv,False,AdamW,linear_with_warmup,8,1e-05,24,twmkn9/bert-base-uncased-squad2,2,data/flat_semeval5way_train.csv,scientsbank,4,True,100,False,5,100,flat_semeval5way_test.csv,"[1024, 17000]",answer,flat_semeval5way_train.csv,{'weight_decay': 1e-05},{},17443.0,0.7911534859012177,0.8037037037037037,0.7955246913580247,1616215477.0,0.03098430140364138,0.0,0.8011288294467306,0.8037037037037037,5.190285428142214e-06,1267.0,0.8052383673554041,0.0003251500893384218,0.8037037037037037,0.806908442505784,0.0021917724516242743,0.001227408181875944,
80,10xyo8jv,0.7934770951987595,True,distilroberta-base-squad2,scientsbank-token_types-3,data,data/flat_semeval5way_test.csv,False,AdamW,linear_with_warmup,8,1e-05,24,twmkn9/distilroberta-base-squad2,2,data/flat_semeval5way_train.csv,scientsbank,4,True,100,False,5,100,flat_semeval5way_test.csv,"[1024, 17000]",answer,flat_semeval5way_train.csv,{'weight_decay': 1e-05},{},21181.0,0.7825488249849716,0.7833333333333333,0.780532793291626,1616214202.0,0.057219465451333384,0.0,0.7839301697356644,0.7833333333333333,4.022283425137707e-06,851.0,0.7854363696698192,0.0054673426784574986,0.7833333333333333,0.7794508047121287,0.04469267651438713,0.02984090894460678,
81,c8puhyn5,0.8048811156835848,True,roberta-base-squad2,scientsbank-token_types-3,data,data/flat_semeval5way_test.csv,False,AdamW,linear_with_warmup,8,1e-05,24,deepset/roberta-base-squad2,2,data/flat_semeval5way_train.csv,scientsbank,4,True,100,False,5,100,flat_semeval5way_test.csv,"[1024, 17000]",answer,flat_semeval5way_train.csv,{'weight_decay': 1e-05},{},18689.0,0.7871482294389844,0.7944444444444444,0.7889666972971259,1616213343.0,0.0583301347782768,0.0,0.7936259305028911,0.7944444444444444,4.800951427140711e-06,1370.0,0.7937468434343434,0.0009147512027993798,0.7944444444444444,0.7917613636363636,0.0016985401744022963,0.0009485972695983946,
82,1bspomyz,0.0,True,distilbert-base-squad2,scientsbank-token_types-3,data,data/flat_semeval5way_test.csv,False,AdamW,linear_with_warmup,8,1e-05,24,twmkn9/distilbert-base-uncased-squad2,2,data/flat_semeval5way_train.csv,scientsbank,4,True,100,False,5,100,flat_semeval5way_test.csv,"[1024, 17000]",answer,flat_semeval5way_train.csv,{'weight_decay': 1e-05},{},,,,,,,,,,,,,,,,,,
83,3f0jbl0e,0.8009274210243034,True,distilroberta,scientsbank-token_types-3,data,data/flat_semeval5way_test.csv,False,AdamW,linear_with_warmup,8,1e-05,24,distilroberta-base,2,data/flat_semeval5way_train.csv,scientsbank,4,True,100,False,5,100,flat_semeval5way_test.csv,"[1024, 17000]",answer,flat_semeval5way_train.csv,{'weight_decay': 1e-05},{},29903.0,0.7959416197173254,0.7944444444444444,0.7924450554207021,1616211933.0,0.01529718242380704,0.0,0.7952366551897008,0.7944444444444444,1.296945418127191e-06,1186.0,0.7984305502022038,7.045020902296528e-05,0.7944444444444444,0.7914074114861517,0.0011088678147643805,0.0005711559788323939,
84,2k1j89ir,0.0,True,distilbert-base,scientsbank-token_types-3,data,data/flat_semeval5way_test.csv,False,AdamW,linear_with_warmup,8,1e-05,24,distilbert-base-uncased,2,data/flat_semeval5way_train.csv,scientsbank,4,True,100,False,5,100,flat_semeval5way_test.csv,"[1024, 17000]",answer,flat_semeval5way_train.csv,{'weight_decay': 1e-05},{},,,,,,,,,,,,,,,,,,
85,2e5c32su,0.4258818342151675,True,albert-large,scientsbank-token_types-3,data,data/flat_semeval5way_test.csv,False,AdamW,linear_with_warmup,8,1e-05,24,albert-large-v2,2,data/flat_semeval5way_train.csv,scientsbank,4,True,100,False,5,100,flat_semeval5way_test.csv,"[1024, 17000]",answer,flat_semeval5way_train.csv,{'weight_decay': 1e-05},{},8721.0,0.5,0.5685185185185185,0.36245572609208976,1616210706.0,0.6822425316288541,0.0,0.4121255848528576,0.5685185185185185,7.91562343515273e-06,1260.0,0.32321330589849107,0.5030617117881775,0.5685185185185185,0.28425925925925927,0.0017222892493009567,0.0007513046730309725,
86,26hjhk60,0.7853949799118966,True,albert-base,scientsbank-token_types-3,data,data/flat_semeval5way_test.csv,False,AdamW,linear_with_warmup,8,1e-05,24,albert-base-v2,2,data/flat_semeval5way_train.csv,scientsbank,4,True,100,False,5,100,flat_semeval5way_test.csv,"[1024, 17000]",answer,flat_semeval5way_train.csv,{'weight_decay': 1e-05},{},26165.0,0.7609567879660567,0.774074074074074,0.7646604938271605,1616209436.0,0.0671834392757402,0.0,0.7711105395518976,0.774074074074074,2.464947421131698e-06,1362.0,0.7745547002963116,0.00015376816736534238,0.774074074074074,0.7750777347146289,0.020539646968245503,0.013518428429961205,
87,55wz1mzh,0.8175312750840579,True,roberta-large,scientsbank-token_types-3,data,data/flat_semeval5way_test.csv,False,AdamW,linear_with_warmup,8,1e-05,24,roberta-large,2,data/flat_semeval5way_train.csv,scientsbank,4,True,100,False,5,100,flat_semeval5way_test.csv,"[1024, 17000]",answer,flat_semeval5way_train.csv,{'weight_decay': 1e-05},{},12459.0,0.7951377724343291,0.8,0.7957382423401842,1616208064.0,0.05737989928515443,0.0,0.7997814483251376,0.8,6.7476214321482225e-06,2338.0,0.7996517783175837,0.004081729333847761,0.8,0.7964307277552338,0.05278441309928894,0.044098515063524246,
88,3dzthjgj,0.8171611863435763,True,roberta-base,scientsbank-token_types-3,data,data/flat_semeval5way_test.csv,False,AdamW,linear_with_warmup,8,1e-05,24,roberta-base,2,data/flat_semeval5way_train.csv,scientsbank,4,True,100,False,5,100,flat_semeval5way_test.csv,"[1024, 17000]",answer,flat_semeval5way_train.csv,{'weight_decay': 1e-05},{},16197.0,0.7832967524569767,0.7888888888888889,0.7841514726507713,1616205718.0,0.07245674885497234,0.0,0.78853358267103,0.7888888888888889,5.579619429143715e-06,1230.0,0.7883756425353307,0.0008936702506616712,0.7888888888888889,0.7852106233550549,0.004281134810298681,0.0029869324062019587,
89,23orbbm3,0.7638436698958022,True,bert-large,scientsbank-token_types-3,data,data/flat_semeval5way_test.csv,False,AdamW,linear_with_warmup,8,1e-05,24,bert-large-uncased,2,data/flat_semeval5way_train.csv,scientsbank,4,True,100,False,5,100,flat_semeval5way_test.csv,"[1024, 17000]",answer,flat_semeval5way_train.csv,{'weight_decay': 1e-05},{},13705.0,0.7451874012665838,0.7555555555555555,0.7475777664456911,1616204478.0,0.050558956933916786,0.0,0.7537273122178784,0.7555555555555555,6.35828743114672e-06,2590.0,0.7544709981737309,0.000802075956016779,0.7555555555555555,0.7526469698497529,0.007589285727590323,0.006774547975510359,
90,2jtd64yn,0.8019023802491216,True,bert-base,scientsbank-token_types-3,data,data/flat_semeval5way_test.csv,False,AdamW,linear_with_warmup,8,1e-05,24,bert-base-uncased,2,data/flat_semeval5way_train.csv,scientsbank,4,True,100,False,5,100,flat_semeval5way_test.csv,"[1024, 17000]",answer,flat_semeval5way_train.csv,{'weight_decay': 1e-05},{},18689.0,0.7828563839454223,0.7907407407407407,0.7848977189005883,1616201880.0,0.03600926302078441,0.0,0.7897559617789174,0.7907407407407407,4.800951427140711e-06,1340.0,0.7900181607899995,0.002924334490671754,0.7907407407407407,0.7882357969115049,0.03537990152835846,0.02552720531821251,
91,2zfe337c,0.8037037037037037,True,albert-base-squad2,scientsbank-token_types-2,data,data/flat_semeval5way_test.csv,False,AdamW,linear_with_warmup,8,1e-05,24,twmkn9/albert-base-v2-squad2,2,data/flat_semeval5way_train.csv,scientsbank,4,True,100,False,5,100,flat_semeval5way_test.csv,"[1024, 17000]",answer,flat_semeval5way_train.csv,{'weight_decay': 1e-05},{},21181.0,0.7774531322084132,0.7851851851851852,0.7793247280311144,1616200532.0,0.009761802952455543,0.0,0.7842528397288556,0.7851851851851852,4.022283425137707e-06,1103.0,0.7843974388761654,0.0010879080509766936,0.7851851851851852,0.7823155379166133,0.03004639409482479,0.024490611627697945,
92,173b3jng,0.793054293093249,True,bert-base-squad2,scientsbank-token_types-2,data,data/flat_semeval5way_test.csv,False,AdamW,linear_with_warmup,8,1e-05,24,twmkn9/bert-base-uncased-squad2,2,data/flat_semeval5way_train.csv,scientsbank,4,True,100,False,5,100,flat_semeval5way_test.csv,"[1024, 17000]",answer,flat_semeval5way_train.csv,{'weight_decay': 1e-05},{},13705.0,0.7721267702115167,0.7814814814814814,0.7746530675757876,1616199421.0,0.04552672960983748,0.0,0.7800286274589934,0.7814814814814814,6.35828743114672e-06,1016.0,0.7807763787390785,0.0013317534467205403,0.7814814814814814,0.779471938665633,0.03026118315756321,0.0210161991417408,
93,x2ipylqz,0.7939051256264149,True,distilroberta-base-squad2,scientsbank-token_types-2,data,data/flat_semeval5way_test.csv,False,AdamW,linear_with_warmup,8,1e-05,24,twmkn9/distilroberta-base-squad2,2,data/flat_semeval5way_train.csv,scientsbank,4,True,100,False,5,100,flat_semeval5way_test.csv,"[1024, 17000]",answer,flat_semeval5way_train.csv,{'weight_decay': 1e-05},{},21181.0,0.7730843969747383,0.7796296296296297,0.7742974454798023,1616198397.0,0.06708436857314161,0.0,0.7790514409868772,0.7796296296296297,4.022283425137707e-06,851.0,0.778912895151028,3.722187042236328,0.7796296296296297,0.7759663200723328,1.0795927047729492,0.8097856640815735,
94,22e77h3u,0.8106055636398202,True,roberta-base-squad2,scientsbank-token_types-2,data,data/flat_semeval5way_test.csv,False,AdamW,linear_with_warmup,8,1e-05,24,deepset/roberta-base-squad2,2,data/flat_semeval5way_train.csv,scientsbank,4,True,100,False,5,100,flat_semeval5way_test.csv,"[1024, 17000]",answer,flat_semeval5way_train.csv,{'weight_decay': 1e-05},{},22427.0,0.7792914959947436,0.7796296296296297,0.7769671559320974,1616197538.0,0.033668249170127444,0.0,0.7803065297222225,0.7796296296296297,3.6329494241362047e-06,1654.0,0.7821873823669007,0.00018070495571009815,0.7796296296296297,0.7758782589482986,0.0002714701113291085,0.000191697632544674,
95,1fikobhk,0.0,True,distilbert-base-squad2,scientsbank-token_types-2,data,data/flat_semeval5way_test.csv,False,AdamW,linear_with_warmup,8,1e-05,24,twmkn9/distilbert-base-uncased-squad2,2,data/flat_semeval5way_train.csv,scientsbank,4,True,100,False,5,100,flat_semeval5way_test.csv,"[1024, 17000]",answer,flat_semeval5way_train.csv,{'weight_decay': 1e-05},{},,,,,,,,,,,,,,,,,,
96,2bnszwnt,0.8118177661387539,True,distilroberta,scientsbank-token_types-2,data,data/flat_semeval5way_test.csv,False,AdamW,linear_with_warmup,8,1e-05,24,distilroberta-base,2,data/flat_semeval5way_train.csv,scientsbank,4,True,100,False,5,100,flat_semeval5way_test.csv,"[1024, 17000]",answer,flat_semeval5way_train.csv,{'weight_decay': 1e-05},{},16197.0,0.7771455732479624,0.7777777777777778,0.7749999999999999,1616195844.0,0.07767908478613252,0.0,0.7784259259259259,0.7777777777777778,5.579619429143715e-06,654.0,0.7801206437815023,9.357491217087954e-05,0.7777777777777778,0.7739287836288016,0.001248229411430657,0.0007901061326265335,
97,20251cr0,0.0,True,distilbert-base,scientsbank-token_types-2,data,data/flat_semeval5way_test.csv,False,AdamW,linear_with_warmup,8,1e-05,24,distilbert-base-uncased,2,data/flat_semeval5way_train.csv,scientsbank,4,True,100,False,5,100,flat_semeval5way_test.csv,"[1024, 17000]",answer,flat_semeval5way_train.csv,{'weight_decay': 1e-05},{},,,,,,,,,,,,,,,,,,
98,11yoabno,0.8371762401247331,True,albert-large,scientsbank-token_types-2,data,data/flat_semeval5way_test.csv,False,AdamW,linear_with_warmup,8,1e-05,24,albert-large-v2,2,data/flat_semeval5way_train.csv,scientsbank,4,True,100,False,5,100,flat_semeval5way_test.csv,"[1024, 17000]",answer,flat_semeval5way_train.csv,{'weight_decay': 1e-05},{},19935.0,0.8263689868728243,0.8296296296296296,0.8263689868728243,1616195149.0,0.020675392449316227,0.0,0.8296296296296296,0.8296296296296296,4.41161742613921e-06,2883.0,0.8296296296296296,0.0010202685371041298,0.8296296296296296,0.8263689868728243,0.036368682980537415,0.02780488133430481,
99,14w2bdjb,0.8200130508456738,True,albert-base,scientsbank-token_types-2,data,data/flat_semeval5way_test.csv,False,AdamW,linear_with_warmup,8,1e-05,24,albert-base-v2,2,data/flat_semeval5way_train.csv,scientsbank,4,True,100,False,5,100,flat_semeval5way_test.csv,"[1024, 17000]",answer,flat_semeval5way_train.csv,{'weight_decay': 1e-05},{},23673.0,0.8020927989263397,0.8055555555555556,0.8019359278445948,1616192256.0,0.023475638002160865,0.0,0.8056051394968017,0.8055555555555556,3.2436154231347023e-06,1227.0,0.8056602983073572,0.00014172980445437133,0.8055555555555556,0.8017848164906989,0.013331210240721704,0.01148370746523142,
100,39a8qpfx,0.8189502198209067,True,roberta-large,scientsbank-token_types-2,data,data/flat_semeval5way_test.csv,False,AdamW,linear_with_warmup,8,1e-05,24,roberta-large,2,data/flat_semeval5way_train.csv,scientsbank,4,True,100,False,5,100,flat_semeval5way_test.csv,"[1024, 17000]",answer,flat_semeval5way_train.csv,{'weight_decay': 1e-05},{},13705.0,0.7978778431728901,0.8037037037037037,0.7990704727670986,1616191019.0,0.05830868176777714,0.0,0.8032516811733031,0.8037037037037037,6.35828743114672e-06,2572.0,0.8031581422692534,0.001387943746522069,0.8037037037037037,0.8006349206349206,0.004693095572292805,0.0034679004456847906,
101,18y43yta,0.8080681028792186,True,roberta-base,scientsbank-token_types-2,data,data/flat_semeval5way_test.csv,False,AdamW,linear_with_warmup,8,1e-05,24,roberta-base,2,data/flat_semeval5way_train.csv,scientsbank,4,True,100,False,5,100,flat_semeval5way_test.csv,"[1024, 17000]",answer,flat_semeval5way_train.csv,{'weight_decay': 1e-05},{},17443.0,0.7915169646726594,0.8,0.794021247739602,1616188438.0,0.06885569883226732,0.0,0.7988302441229655,0.8,5.190285428142214e-06,1269.0,0.7994847942754919,0.002394905546680093,0.8,0.7984257602862254,0.021943489089608192,0.013822373934090136,
102,1iyzbw5h,0.8262459016647093,True,bert-large,scientsbank-token_types-2,data,data/flat_semeval5way_test.csv,False,AdamW,linear_with_warmup,8,1e-05,24,bert-large-uncased,2,data/flat_semeval5way_train.csv,scientsbank,4,True,100,False,5,100,flat_semeval5way_test.csv,"[1024, 17000]",answer,flat_semeval5way_train.csv,{'weight_decay': 1e-05},{},24919.0,0.8063077546797892,0.8074074074074075,0.8046635872892203,1616187159.0,0.011811129756541729,0.0,0.807836129300874,0.8074074074074075,2.8542814221332e-06,4685.0,0.8088207174626928,0.00017534149810671806,0.8074074074074075,0.8035914702581369,0.0057508619502186775,0.004193738102912903,
103,zo8b12mw,0.8050453891060683,True,bert-base,scientsbank-token_types-2,data,data/flat_semeval5way_test.csv,False,AdamW,linear_with_warmup,8,1e-05,24,bert-base-uncased,2,data/flat_semeval5way_train.csv,scientsbank,4,True,100,False,5,100,flat_semeval5way_test.csv,"[1024, 17000]",answer,flat_semeval5way_train.csv,{'weight_decay': 1e-05},{},9967.0,0.7832967524569767,0.7888888888888889,0.7841514726507713,1616182466.0,0.10258953362236164,0.0,0.78853358267103,0.7888888888888889,7.526289434151227e-06,732.0,0.7883756425353307,0.018794547766447067,0.7888888888888889,0.7852106233550549,0.8574738502502441,0.584846556186676,
104,37yt6a7b,0.7763002991108408,True,albert-base-squad2,scientsbank-token_types-1,data,data/flat_semeval5way_test.csv,False,AdamW,linear_with_warmup,8,1e-05,24,twmkn9/albert-base-v2-squad2,2,data/flat_semeval5way_train.csv,scientsbank,4,True,100,False,5,100,flat_semeval5way_test.csv,"[1024, 17000]",answer,flat_semeval5way_train.csv,{'weight_decay': 1e-05},{},29903.0,0.7660524807426151,0.7722222222222223,0.7669792554703041,1616181726.0,0.04919986465067672,0.0,0.7717691263300811,0.7722222222222223,1.296945418127191e-06,1545.0,0.7715788600166595,0.003347984980791807,0.7722222222222223,0.7681782312158278,0.04388409107923508,0.029621563851833344,
105,duz1lf4b,0.7884027514505337,True,bert-base-squad2,scientsbank-token_types-1,data,data/flat_semeval5way_test.csv,False,AdamW,linear_with_warmup,8,1e-05,24,twmkn9/bert-base-uncased-squad2,2,data/flat_semeval5way_train.csv,scientsbank,4,True,100,False,5,100,flat_semeval5way_test.csv,"[1024, 17000]",answer,flat_semeval5way_train.csv,{'weight_decay': 1e-05},{},13705.0,0.7769917937677371,0.774074074074074,0.77242265548355,1616180173.0,0.05566009332063171,0.0,0.7750792853900452,0.774074074074074,6.35828743114672e-06,1027.0,0.7802391317284408,0.002801424590870738,0.774074074074074,0.7720924483994562,0.08693727850914001,0.06507883220911026,
106,3p2l1x8q,0.7779049196071205,True,distilroberta-base-squad2,scientsbank-token_types-1,data,data/flat_semeval5way_test.csv,False,AdamW,linear_with_warmup,8,1e-05,24,twmkn9/distilroberta-base-squad2,2,data/flat_semeval5way_train.csv,scientsbank,4,True,100,False,5,100,flat_semeval5way_test.csv,"[1024, 17000]",answer,flat_semeval5way_train.csv,{'weight_decay': 1e-05},{},13705.0,0.7754400190127357,0.774074074074074,0.7719594594594594,1616179138.0,0.12320375981608891,0.0,0.7749687187187188,0.774074074074074,6.35828743114672e-06,561.0,0.7784298436723618,0.0017638138961046934,0.774074074074074,0.7711042311661507,0.01075945794582367,0.007480047643184662,
107,12y3pqyr,0.8186296037009791,True,roberta-base-squad2,scientsbank-token_types-1,data,data/flat_semeval5way_test.csv,False,AdamW,linear_with_warmup,8,1e-05,24,deepset/roberta-base-squad2,2,data/flat_semeval5way_train.csv,scientsbank,4,True,100,False,5,100,flat_semeval5way_test.csv,"[1024, 17000]",answer,flat_semeval5way_train.csv,{'weight_decay': 1e-05},{},14951.0,0.7913631851924341,0.7962962962962963,0.7919556171983356,1616178569.0,0.08005014719066084,0.0,0.7960736973681957,0.7962962962962963,5.968953430145218e-06,1084.0,0.7959395458868915,0.001081477734260261,0.7962962962962963,0.7926396045998961,0.0034197240602225065,0.0021724326070398092,
108,314g9noy,0.0,True,distilbert-base-squad2,scientsbank-token_types-1,data,data/flat_semeval5way_test.csv,False,AdamW,linear_with_warmup,8,1e-05,24,twmkn9/distilbert-base-uncased-squad2,2,data/flat_semeval5way_train.csv,scientsbank,4,True,100,False,5,100,flat_semeval5way_test.csv,"[1024, 17000]",answer,flat_semeval5way_train.csv,{'weight_decay': 1e-05},{},,,,,,,,,,,,,,,,,,
109,j2npaw78,0.7852931866003762,True,distilroberta,scientsbank-token_types-1,data,data/flat_semeval5way_test.csv,False,AdamW,linear_with_warmup,8,1e-05,24,distilroberta-base,2,data/flat_semeval5way_train.csv,scientsbank,4,True,100,False,5,100,flat_semeval5way_test.csv,"[1024, 17000]",answer,flat_semeval5way_train.csv,{'weight_decay': 1e-05},{},19935.0,0.7804797919783031,0.7833333333333333,0.7797370650434565,1616177442.0,0.05012597297373961,0.0,0.7835939324847737,0.7833333333333333,4.41161742613921e-06,1453.0,0.7839895560873357,0.0003271759778726846,0.7833333333333333,0.7791335077077188,0.0027185920625925064,0.002111593261361122,
110,2kf9qp3e,0.0,True,distilbert-base,scientsbank-token_types-1,data,data/flat_semeval5way_test.csv,False,AdamW,linear_with_warmup,8,1e-05,24,distilbert-base-uncased,2,data/flat_semeval5way_train.csv,scientsbank,4,True,100,False,5,100,flat_semeval5way_test.csv,"[1024, 17000]",answer,flat_semeval5way_train.csv,{'weight_decay': 1e-05},{},,,,,,,,,,,,,,,,,,
111,2iq8yc9g,0.8380091777191865,True,albert-large,scientsbank-token_types-1,data,data/flat_semeval5way_test.csv,False,AdamW,linear_with_warmup,8,1e-05,24,albert-large-v2,2,data/flat_semeval5way_train.csv,scientsbank,4,True,100,False,5,100,flat_semeval5way_test.csv,"[1024, 17000]",answer,flat_semeval5way_train.csv,{'weight_decay': 1e-05},{},23673.0,0.8031482853587955,0.8185185185185185,0.8090909090909091,1616175949.0,0.02643272085213691,0.0,0.8149046015712682,0.8185185185185185,3.2436154231347023e-06,3409.0,0.8240494709916473,3.862306402879767e-05,0.8185185185185185,0.8284982805895986,0.0007720841676928103,0.000616691482719034,
112,1x1id93e,0.7920597582345779,True,albert-base,scientsbank-token_types-1,data,data/flat_semeval5way_test.csv,False,AdamW,linear_with_warmup,8,1e-05,24,albert-base-v2,2,data/flat_semeval5way_train.csv,scientsbank,4,True,100,False,5,100,flat_semeval5way_test.csv,"[1024, 17000]",answer,flat_semeval5way_train.csv,{'weight_decay': 1e-05},{},29903.0,0.7824929051739805,0.7944444444444444,0.7863672814755414,1616172532.0,0.0024254499562103974,0.0,0.7920597582345779,0.7944444444444444,1.296945418127191e-06,1545.0,0.7951355934410009,4.541770613286644e-05,0.7944444444444444,0.7959605132110845,0.004850034136325121,0.004701913334429264,
113,3khdojqa,0.8395496125055875,True,roberta-large,scientsbank-token_types-1,data,data/flat_semeval5way_test.csv,False,AdamW,linear_with_warmup,8,1e-05,24,roberta-large,2,data/flat_semeval5way_train.csv,scientsbank,4,True,100,False,5,100,flat_semeval5way_test.csv,"[1024, 17000]",answer,flat_semeval5way_train.csv,{'weight_decay': 1e-05},{},14951.0,0.8229019585913799,0.8333333333333334,0.8271668160286774,1616170977.0,0.05891406218138268,0.0,0.8316405638771532,0.8333333333333334,5.968953430145218e-06,2861.0,0.8346244387817012,0.0008403107640333474,0.8333333333333334,0.8363305424099017,0.002747743157669902,0.002180896233767271,
114,37jg5vpb,0.805286401417941,True,roberta-base,scientsbank-token_types-1,data,data/flat_semeval5way_test.csv,False,AdamW,linear_with_warmup,8,1e-05,24,roberta-base,2,data/flat_semeval5way_train.csv,scientsbank,4,True,100,False,5,100,flat_semeval5way_test.csv,"[1024, 17000]",answer,flat_semeval5way_train.csv,{'weight_decay': 1e-05},{},21181.0,0.7676811452377291,0.774074074074074,0.7687414875243965,1616168107.0,0.03912627163113483,0.0,0.7735538217277641,0.774074074074074,4.022283425137707e-06,1564.0,0.7733780129335684,0.0004015354788862169,0.774074074074074,0.7701587301587302,0.0010068847332149744,0.0006777791422791779,
115,e2kip6d2,0.7968904320987654,True,bert-large,scientsbank-token_types-1,data,data/flat_semeval5way_test.csv,False,AdamW,linear_with_warmup,8,1e-05,24,bert-large-uncased,2,data/flat_semeval5way_train.csv,scientsbank,4,True,100,False,5,100,flat_semeval5way_test.csv,"[1024, 17000]",answer,flat_semeval5way_train.csv,{'weight_decay': 1e-05},{},24971.0,0.7841005997399728,0.7833333333333333,0.7810621155678765,1616166535.0,0.02282207705487308,1.0,0.7841179358341274,0.7833333333333333,2.8380070105157736e-06,4643.0,0.7868413800705467,0.000203314601094462,0.7833333333333333,0.7800099206349207,0.0014757243916392326,0.0010859365575015545,
116,3dbwtw65,0.8110106607951435,True,bert-base,scientsbank-token_types-1,data,data/flat_semeval5way_test.csv,False,AdamW,linear_with_warmup,8,1e-05,24,bert-base-uncased,2,data/flat_semeval5way_train.csv,scientsbank,4,True,100,False,5,100,flat_semeval5way_test.csv,"[1024, 17000]",answer,flat_semeval5way_train.csv,{'weight_decay': 1e-05},{},17443.0,0.8043925011533462,0.8111111111111111,0.806195549675585,1616161884.0,0.02800726289073884,0.0,0.8104252188177818,0.8111111111111111,5.190285428142214e-06,1272.0,0.8105569661350595,0.00023993951617740095,0.8111111111111111,0.8088483524589001,0.0015178448520600796,0.0011475919745862484,
117,3uyxnjij,0.781803650948126,True,albert-base-squad2,scientsbank-3,data,data/flat_semeval5way_test.csv,False,AdamW,linear_with_warmup,8,1e-05,24,twmkn9/albert-base-v2-squad2,2,data/flat_semeval5way_train.csv,scientsbank,4,False,100,False,5,100,flat_semeval5way_test.csv,"[1024, 17000]",answer,flat_semeval5way_train.csv,{'weight_decay': 1e-05},{},7487.0,0.7629489312326124,0.7722222222222223,0.7652597092782849,1616155511.0,0.021123720716313164,0.0,0.7707997733412028,0.7722222222222223,5.968953430145218e-06,770.0,0.7713355821850175,0.00017653337272349745,,0.7696089673757238,,,0.7722222222222223
118,1zjlffr6,0.7888888888888889,True,bert-base-squad2,scientsbank-3,data,data/flat_semeval5way_test.csv,False,AdamW,linear_with_warmup,8,1e-05,24,twmkn9/bert-base-uncased-squad2,2,data/flat_semeval5way_train.csv,scientsbank,4,False,100,False,5,100,flat_semeval5way_test.csv,"[1024, 17000]",answer,flat_semeval5way_train.csv,{'weight_decay': 1e-05},{},6863.0,0.7597475220533755,0.7574074074074074,0.7555556323451662,1616154733.0,0.05021249479623557,0.0,0.7584711930814608,0.7574074074074074,6.35828743114672e-06,987.0,0.7633140008140008,0.0004888770054094493,,0.7552197802197802,,,0.7574074074074074
119,2cm9h87g,0.7819679159375302,True,distilroberta-base-squad2,scientsbank-3,data,data/flat_semeval5way_test.csv,False,AdamW,linear_with_warmup,8,1e-05,24,twmkn9/distilroberta-base-squad2,2,data/flat_semeval5way_train.csv,scientsbank,4,False,100,False,5,100,flat_semeval5way_test.csv,"[1024, 17000]",answer,flat_semeval5way_train.csv,{'weight_decay': 1e-05},{},7487.0,0.7707846947477317,0.774074074074074,0.7702127659574469,1616153738.0,0.11383353996294972,0.0,0.7742947202521672,0.774074074074074,5.968953430145218e-06,590.0,0.7746007652804662,0.0011559001868590713,,0.7697288716213393,,,0.774074074074074
120,34cl7qtt,0.80367122050106,True,roberta-base-squad2,scientsbank-3,data,data/flat_semeval5way_test.csv,False,AdamW,linear_with_warmup,8,1e-05,24,deepset/roberta-base-squad2,2,data/flat_semeval5way_train.csv,scientsbank,4,False,100,False,5,100,flat_semeval5way_test.csv,"[1024, 17000]",answer,flat_semeval5way_train.csv,{'weight_decay': 1e-05},{},6863.0,0.7881827459423187,0.7944444444444444,0.7894707264559502,1616153140.0,0.09672141406824362,0.0,0.7939051256264149,0.7944444444444444,6.35828743114672e-06,997.0,0.7938143585493269,3.659360647201538,,0.7912240054249549,,,0.7944444444444444
121,33187ad8,0.7977466241461695,True,distilbert-base-squad2,scientsbank-3,data,data/flat_semeval5way_test.csv,False,AdamW,linear_with_warmup,8,1e-05,24,twmkn9/distilbert-base-uncased-squad2,2,data/flat_semeval5way_train.csv,scientsbank,4,False,100,False,5,100,flat_semeval5way_test.csv,"[1024, 17000]",answer,flat_semeval5way_train.csv,{'weight_decay': 1e-05},{},14975.0,0.7806335714585284,0.7870370370370371,0.7818840859678762,1616152135.0,0.012752815772485626,0.0,0.786478283306646,0.7870370370370371,1.296945418127191e-06,1145.0,0.7863636268501775,0.0006074252305552363,,0.7835951627486437,,,0.7870370370370371
122,1p298y62,0.7968229770798612,True,distilroberta,scientsbank-3,data,data/flat_semeval5way_test.csv,False,AdamW,linear_with_warmup,8,1e-05,24,distilroberta-base,2,data/flat_semeval5way_train.csv,scientsbank,4,False,100,False,5,100,flat_semeval5way_test.csv,"[1024, 17000]",answer,flat_semeval5way_train.csv,{'weight_decay': 1e-05},{},8735.0,0.776705204736408,0.7796296296296297,0.7759718866681309,1616150981.0,0.061185362209328055,0.0,0.7798946834674194,0.7796296296296297,5.190285428142214e-06,696.0,0.7802940970354294,0.00032908268622122705,,0.7753770382325116,,,0.7796296296296297
123,1lt3htx4,0.763708027840022,True,distilbert-base,scientsbank-3,data,data/flat_semeval5way_test.csv,False,AdamW,linear_with_warmup,8,1e-05,24,distilbert-base-uncased,2,data/flat_semeval5way_train.csv,scientsbank,4,False,100,False,5,100,flat_semeval5way_test.csv,"[1024, 17000]",answer,flat_semeval5way_train.csv,{'weight_decay': 1e-05},{},10607.0,0.7420069620164684,0.7537037037037037,0.7447752124207974,1616150277.0,0.02293158516777609,0.0,0.7513168793013426,0.7537037037037037,4.022283425137707e-06,837.0,0.7528156739379924,0.0002530493075028062,,0.7515987442590547,,,0.7537037037037037
124,d8yji2er,0.8267022676482265,True,albert-large,scientsbank-3,data,data/flat_semeval5way_test.csv,False,AdamW,linear_with_warmup,8,1e-05,24,albert-large-v2,2,data/flat_semeval5way_train.csv,scientsbank,4,False,100,False,5,100,flat_semeval5way_test.csv,"[1024, 17000]",answer,flat_semeval5way_train.csv,{'weight_decay': 1e-05},{},9359.0,0.8142413778641429,0.8240740740740741,0.8179553511545463,1616149430.0,0.027060166694992373,0.0,0.8225289420236882,0.8240740740740741,4.800951427140711e-06,2941.0,0.8246506324443071,0.0007614573696628213,,0.825503938832252,,,0.8240740740740741
125,3hfgwir8,0.8070832684016415,True,albert-base,scientsbank-3,data,data/flat_semeval5way_test.csv,False,AdamW,linear_with_warmup,8,1e-05,24,albert-base-v2,2,data/flat_semeval5way_train.csv,scientsbank,4,False,100,False,5,100,flat_semeval5way_test.csv,"[1024, 17000]",answer,flat_semeval5way_train.csv,{'weight_decay': 1e-05},{},10607.0,0.7968433266695558,0.8037037037037037,0.7985953751530591,1616146482.0,0.015484636638423395,0.0,0.8029909136733813,0.8037037037037037,4.022283425137707e-06,1076.0,0.8030877769214484,0.00012027494085486978,,0.8011886693428276,,,0.8037037037037037
126,1bt4kijv,0.8359535526812831,True,roberta-large,scientsbank-3,data,data/flat_semeval5way_test.csv,False,AdamW,linear_with_warmup,8,1e-05,24,roberta-large,2,data/flat_semeval5way_train.csv,scientsbank,4,False,100,False,5,100,flat_semeval5way_test.csv,"[1024, 17000]",answer,flat_semeval5way_train.csv,{'weight_decay': 1e-05},{},11231.0,0.8037214634214537,0.8074074074074075,0.8037214634214536,1616145395.0,0.028715796737490994,0.0,0.8074074074074075,0.8074074074074075,3.6329494241362047e-06,4213.0,0.8074074074074075,9.464769391342998e-05,,0.8037214634214537,,,0.8074074074074075
127,1n0bdktv,0.8084997373134937,True,roberta-base,scientsbank-3,data,data/flat_semeval5way_test.csv,False,AdamW,linear_with_warmup,8,1e-05,24,roberta-base,2,data/flat_semeval5way_train.csv,scientsbank,4,False,100,False,5,100,flat_semeval5way_test.csv,"[1024, 17000]",answer,flat_semeval5way_train.csv,{'weight_decay': 1e-05},{},14975.0,0.7983182116844445,0.8018518518518518,0.7981632788511585,1616141174.0,0.013091845529114543,0.0,0.8019023802491216,0.8018518518518518,1.296945418127191e-06,2146.0,0.8019584566970188,0.00027450130437500775,,0.7980140774258422,,,0.8018518518518518
128,1pqn0zo9,0.7958064292573784,True,bert-large,scientsbank-3,data,data/flat_semeval5way_test.csv,False,AdamW,linear_with_warmup,8,1e-05,24,bert-large-uncased,2,data/flat_semeval5way_train.csv,scientsbank,4,False,100,False,5,100,flat_semeval5way_test.csv,"[1024, 17000]",answer,flat_semeval5way_train.csv,{'weight_decay': 1e-05},{},9983.0,0.7643469265073883,0.7685185185185185,0.7642094379102318,1616139018.0,0.01268622158325451,0.0,0.7685775470200019,0.7685185185185185,4.41161742613921e-06,3690.0,0.7686418822039737,0.00013541258522309363,,0.7640774258421317,,,0.7685185185185185
129,1xciu97q,0.7939051256264149,True,bert-base,scientsbank-3,data,data/flat_semeval5way_test.csv,False,AdamW,linear_with_warmup,8,1e-05,24,bert-base-uncased,2,data/flat_semeval5way_train.csv,scientsbank,4,False,100,False,5,100,flat_semeval5way_test.csv,"[1024, 17000]",answer,flat_semeval5way_train.csv,{'weight_decay': 1e-05},{},8735.0,0.7763417259649663,0.7833333333333333,0.7778285714285715,1616135319.0,0.0446752266848117,0.0,0.7826209523809524,0.7833333333333333,5.190285428142214e-06,1249.0,0.7825698339849283,0.001657065935432911,,0.7800016998130206,,,0.7833333333333333
130,32o31ecg,0.7670729403874011,True,albert-base-squad2,scientsbank-2,data,data/flat_semeval5way_test.csv,False,AdamW,linear_with_warmup,8,1e-05,24,twmkn9/albert-base-v2-squad2,2,data/flat_semeval5way_train.csv,scientsbank,4,False,100,False,5,100,flat_semeval5way_test.csv,"[1024, 17000]",answer,flat_semeval5way_train.csv,{'weight_decay': 1e-05},{},8111.0,0.7370440787910137,0.7462962962962963,0.7388809080929977,1616134060.0,0.017693613051381674,0.0,0.7449110039945811,0.7462962962962963,5.579619429143715e-06,826.0,0.745033150434385,5.2927523938706145e-05,,0.742283950617284,,,0.7462962962962963
131,10o4hc05,0.8002843443354147,True,bert-base-squad2,scientsbank-2,data,data/flat_semeval5way_test.csv,False,AdamW,linear_with_warmup,8,1e-05,24,twmkn9/bert-base-uncased-squad2,2,data/flat_semeval5way_train.csv,scientsbank,4,False,100,False,5,100,flat_semeval5way_test.csv,"[1024, 17000]",answer,flat_semeval5way_train.csv,{'weight_decay': 1e-05},{},11855.0,0.7820315667333044,0.7833333333333333,0.7803435651929034,1616133226.0,0.012647496119737789,0.0,0.7838553563419798,0.7833333333333333,3.2436154231347023e-06,1669.0,0.7850289839019348,0.00015066919149830935,,0.7793254319893664,,,0.7833333333333333
132,gbmkqvnb,0.7720380359846739,True,distilroberta-base-squad2,scientsbank-2,data,data/flat_semeval5way_test.csv,False,AdamW,linear_with_warmup,8,1e-05,24,twmkn9/distilroberta-base-squad2,2,data/flat_semeval5way_train.csv,scientsbank,4,False,100,False,5,100,flat_semeval5way_test.csv,"[1024, 17000]",answer,flat_semeval5way_train.csv,{'weight_decay': 1e-05},{},7487.0,0.7516810893179181,0.75,0.7479244395727509,1616131549.0,0.1177059471584,0.0,0.7510589594016577,0.75,5.968953430145218e-06,612.0,0.7553260212216174,0.009772081859409807,,0.7474435098136236,,,0.75
133,3a33dkk2,0.8053983234015508,True,roberta-base-squad2,scientsbank-2,data,data/flat_semeval5way_test.csv,False,AdamW,linear_with_warmup,8,1e-05,24,deepset/roberta-base-squad2,2,data/flat_semeval5way_train.csv,scientsbank,4,False,100,False,5,100,flat_semeval5way_test.csv,"[1024, 17000]",answer,flat_semeval5way_train.csv,{'weight_decay': 1e-05},{},9983.0,0.7902517789489871,0.7944444444444444,0.7904012588512983,1616130928.0,0.047257378919791634,0.0,0.7943905353032026,0.7944444444444444,4.41161742613921e-06,1441.0,0.794342128178335,0.01908768154680729,,0.7905564263322884,,,0.7944444444444444
134,33fzsfij,0.8042762345679012,True,distilbert-base-squad2,scientsbank-2,data,data/flat_semeval5way_test.csv,False,AdamW,linear_with_warmup,8,1e-05,24,twmkn9/distilbert-base-uncased-squad2,2,data/flat_semeval5way_train.csv,scientsbank,4,False,100,False,5,100,flat_semeval5way_test.csv,"[1024, 17000]",answer,flat_semeval5way_train.csv,{'weight_decay': 1e-05},{},12479.0,0.7837371209685311,0.7870370370370371,0.7832907010423682,1616129479.0,0.02441197273080384,0.0,0.7871953329241357,0.7870370370370371,2.8542814221332e-06,928.0,0.7874025341130604,0.00021300431399140507,,0.7828947368421053,,,0.7870370370370371
135,31cx2iq8,0.7823885109599397,True,distilroberta,scientsbank-2,data,data/flat_semeval5way_test.csv,False,AdamW,linear_with_warmup,8,1e-05,24,distilroberta-base,2,data/flat_semeval5way_train.csv,scientsbank,4,False,100,False,5,100,flat_semeval5way_test.csv,"[1024, 17000]",answer,flat_semeval5way_train.csv,{'weight_decay': 1e-05},{},11231.0,0.7613202667374984,0.7703703703703704,0.763505877034358,1616128542.0,0.037362334006704134,0.0,0.769027317326368,0.7703703703703704,3.6329494241362047e-06,856.0,0.7694353673888558,0.00030632095877081156,,0.7675134168157424,,,0.7703703703703704
136,1ky5vfxw,0.7483360498244219,True,distilbert-base,scientsbank-2,data,data/flat_semeval5way_test.csv,False,AdamW,linear_with_warmup,8,1e-05,24,distilbert-base-uncased,2,data/flat_semeval5way_train.csv,scientsbank,4,False,100,False,5,100,flat_semeval5way_test.csv,"[1024, 17000]",answer,flat_semeval5way_train.csv,{'weight_decay': 1e-05},{},9983.0,0.7278662398121094,0.737037037037037,0.7295238095238095,1616127678.0,0.018073330896633672,0.0,0.7357013521457966,0.737037037037037,4.41161742613921e-06,761.0,0.735681761857733,0.0003741279651876539,,0.7325476880055928,,,0.737037037037037
137,3k72ugwv,0.8330528284244973,True,albert-large,scientsbank-2,data,data/flat_semeval5way_test.csv,False,AdamW,linear_with_warmup,8,1e-05,24,albert-large-v2,2,data/flat_semeval5way_train.csv,scientsbank,4,False,100,False,5,100,flat_semeval5way_test.csv,"[1024, 17000]",answer,flat_semeval5way_train.csv,{'weight_decay': 1e-05},{},7487.0,0.8163104108708112,0.8240740740740741,0.8189320165608378,1616126909.0,0.038104564320343585,0.0,0.8231134699232497,0.8240740740740741,5.968953430145218e-06,2152.0,0.8238311614083219,0.0007457336178049445,,0.8233024691358024,,,0.8240740740740741
138,2d323pre,0.8214506259825012,True,albert-base,scientsbank-2,data,data/flat_semeval5way_test.csv,False,AdamW,linear_with_warmup,8,1e-05,24,albert-base-v2,2,data/flat_semeval5way_train.csv,scientsbank,4,False,100,False,5,100,flat_semeval5way_test.csv,"[1024, 17000]",answer,flat_semeval5way_train.csv,{'weight_decay': 1e-05},{},11231.0,0.7909997064209924,0.8,0.7937502652388564,1616124748.0,0.009939408346648358,0.0,0.7986702691997567,0.8,3.6329494241362047e-06,1144.0,0.7995979957215259,8.666139910928905e-05,,0.7988542878063488,,,0.8
139,1ks00y35,0.8287642563198119,True,roberta-large,scientsbank-2,data,data/flat_semeval5way_test.csv,False,AdamW,linear_with_warmup,8,1e-05,24,roberta-large,2,data/flat_semeval5way_train.csv,scientsbank,4,False,100,False,5,100,flat_semeval5way_test.csv,"[1024, 17000]",answer,flat_semeval5way_train.csv,{'weight_decay': 1e-05},{},6239.0,0.7875326781395479,0.8037037037037037,0.7931453186660692,1616123594.0,0.060188525379934854,0.0,0.7995495850003721,0.8037037037037037,6.7476214321482225e-06,2366.0,0.8090498949653879,0.0030140706803649664,,0.8131709173962696,,,0.8037037037037037
140,30bcwrl4,0.7979849261978004,True,roberta-base,scientsbank-2,data,data/flat_semeval5way_test.csv,False,AdamW,linear_with_warmup,8,1e-05,24,roberta-base,2,data/flat_semeval5way_train.csv,scientsbank,4,False,100,False,5,100,flat_semeval5way_test.csv,"[1024, 17000]",answer,flat_semeval5way_train.csv,{'weight_decay': 1e-05},{},8735.0,0.7728537277544002,0.774074074074074,0.7710560335840086,1616121220.0,0.0484499141894516,0.0,0.7746582109431189,0.774074074074074,5.190285428142214e-06,1254.0,0.7760080454027185,0.0012134101707488298,,0.7700449671393982,,,0.774074074074074
141,3cgz064k,0.7925925925925926,True,bert-large,scientsbank-2,data,data/flat_semeval5way_test.csv,False,AdamW,linear_with_warmup,8,1e-05,24,bert-large-uncased,2,data/flat_semeval5way_train.csv,scientsbank,4,False,100,False,5,100,flat_semeval5way_test.csv,"[1024, 17000]",answer,flat_semeval5way_train.csv,{'weight_decay': 1e-05},{},12479.0,0.7662621800338315,0.7648148148148148,0.7626981408240167,1616119956.0,0.01454689801209769,0.0,0.7657693932812533,0.7648148148148148,2.8542814221332e-06,4706.0,0.7694944697117893,0.002521194983273745,,0.7619663292253521,,,0.7648148148148148
142,24ng646w,0.7918394559567802,True,bert-base,scientsbank-2,data,data/flat_semeval5way_test.csv,False,AdamW,linear_with_warmup,8,1e-05,24,bert-base-uncased,2,data/flat_semeval5way_train.csv,scientsbank,4,False,100,False,5,100,flat_semeval5way_test.csv,"[1024, 17000]",answer,flat_semeval5way_train.csv,{'weight_decay': 1e-05},{},11231.0,0.7640603374760593,0.774074074074074,0.7667006629270781,1616115241.0,0.015488789442327162,0.0,0.7723843340195541,0.774074074074074,3.6329494241362047e-06,1604.0,0.7733357768953212,8.177422569133341e-05,,0.7720940952765093,,,0.774074074074074
143,ektq6s3e,0.7695365405235779,True,albert-base-squad2,scientsbank-1,data,data/flat_semeval5way_test.csv,False,AdamW,linear_with_warmup,8,1e-05,24,twmkn9/albert-base-v2-squad2,2,data/flat_semeval5way_train.csv,scientsbank,4,False,100,False,5,100,flat_semeval5way_test.csv,"[1024, 17000]",answer,flat_semeval5way_train.csv,{'weight_decay': 1e-05},{},8111.0,0.7391900015377948,0.7481481481481481,0.7409523809523809,1616113628.0,0.02312973830895255,0.0,0.7468689006466783,0.7481481481481481,5.579619429143715e-06,836.0,0.7469273013865044,0.0019179059891030192,,0.7441040932502032,,,0.7481481481481481
144,31ktjuah,0.7793245882736665,True,bert-base-squad2,scientsbank-1,data,data/flat_semeval5way_test.csv,False,AdamW,linear_with_warmup,8,1e-05,24,twmkn9/bert-base-uncased-squad2,2,data/flat_semeval5way_train.csv,scientsbank,4,False,100,False,5,100,flat_semeval5way_test.csv,"[1024, 17000]",answer,flat_semeval5way_train.csv,{'weight_decay': 1e-05},{},10607.0,0.7724902489829584,0.7777777777777778,0.7730424914890934,1616112783.0,0.023832243914664288,0.0,0.7775349425834862,0.7777777777777778,4.022283425137707e-06,1512.0,0.7773783837334295,0.0003392120997887105,,0.7736839888232072,,,0.7777777777777778
145,2dqwyfm7,0.7875501365754504,True,distilroberta-base-squad2,scientsbank-1,data,data/flat_semeval5way_test.csv,False,AdamW,linear_with_warmup,8,1e-05,24,twmkn9/distilroberta-base-squad2,2,data/flat_semeval5way_train.csv,scientsbank,4,False,100,False,5,100,flat_semeval5way_test.csv,"[1024, 17000]",answer,flat_semeval5way_train.csv,{'weight_decay': 1e-05},{},11855.0,0.7790049069634144,0.7851851851851852,0.7801148569904098,1616111262.0,0.04483550945061526,0.0,0.7846905190198412,0.7851851851851852,3.2436154231347023e-06,936.0,0.7845455614344504,0.0002205128694185987,,0.7815873015873016,,,0.7851851851851852
146,1mai4ccq,0.8316405638771532,True,roberta-base-squad2,scientsbank-1,data,data/flat_semeval5way_test.csv,False,AdamW,linear_with_warmup,8,1e-05,24,deepset/roberta-base-squad2,2,data/flat_semeval5way_train.csv,scientsbank,4,False,100,False,5,100,flat_semeval5way_test.csv,"[1024, 17000]",answer,flat_semeval5way_train.csv,{'weight_decay': 1e-05},{},6863.0,0.8088381261271337,0.8185185185185185,0.812337763656222,1616110318.0,0.09930697214262638,0.0,0.8170048642665274,0.8185185185185185,6.35828743114672e-06,991.0,0.8188410312913413,0.0009664393728598952,,0.8193382384827765,,,0.8185185185185185
147,11ye3q7a,0.7952616108171664,True,distilbert-base-squad2,scientsbank-1,data,data/flat_semeval5way_test.csv,False,AdamW,linear_with_warmup,8,1e-05,24,twmkn9/distilbert-base-uncased-squad2,2,data/flat_semeval5way_train.csv,scientsbank,4,False,100,False,5,100,flat_semeval5way_test.csv,"[1024, 17000]",answer,flat_semeval5way_train.csv,{'weight_decay': 1e-05},{},9359.0,0.7853657854636451,0.7888888888888889,0.7850678733031674,1616109319.0,0.04248865017279237,0.0,0.7889950282107145,0.7888888888888889,4.800951427140711e-06,730.0,0.7891229701972639,0.0010508735431358218,,0.7847924659923264,,,0.7888888888888889
148,z75ira53,0.8023976765958643,True,distilroberta,scientsbank-1,data,data/flat_semeval5way_test.csv,False,AdamW,linear_with_warmup,8,1e-05,24,distilroberta-base,2,data/flat_semeval5way_train.csv,scientsbank,4,False,100,False,5,100,flat_semeval5way_test.csv,"[1024, 17000]",answer,flat_semeval5way_train.csv,{'weight_decay': 1e-05},{},7487.0,0.7868406704785338,0.7870370370370371,0.7844640582537077,1616108581.0,0.10102872964810022,0.0,0.7876911841853411,0.7870370370370371,5.968953430145218e-06,598.0,0.7895610341892932,4.7136406898498535,,0.7833351745470614,,,0.7870370370370371
149,1dtrrdev,0.7510855165125231,True,distilbert-base,scientsbank-1,data,data/flat_semeval5way_test.csv,False,AdamW,linear_with_warmup,8,1e-05,24,distilbert-base-uncased,2,data/flat_semeval5way_train.csv,scientsbank,4,False,100,False,5,100,flat_semeval5way_test.csv,"[1024, 17000]",answer,flat_semeval5way_train.csv,{'weight_decay': 1e-05},{},8735.0,0.7365268205393466,0.7462962962962963,0.7385413022042686,1616107975.0,0.030973723591779773,0.0,0.7447119426645917,0.7462962962962963,5.190285428142214e-06,698.0,0.7450142490980173,0.00022480344341602176,,0.7425176308697896,,,0.7462962962962963
150,23drb3l9,0.8347281521235008,True,albert-large,scientsbank-1,data,data/flat_semeval5way_test.csv,False,AdamW,linear_with_warmup,8,1e-05,24,albert-large-v2,2,data/flat_semeval5way_train.csv,scientsbank,4,False,100,False,5,100,flat_semeval5way_test.csv,"[1024, 17000]",answer,flat_semeval5way_train.csv,{'weight_decay': 1e-05},{},13727.0,0.8225943996309293,0.825925925925926,0.8225943996309293,1616107268.0,0.007967467794912681,0.0,0.825925925925926,0.825925925925926,2.0756134201301954e-06,3926.0,0.825925925925926,3.6000557884108275e-05,,0.8225943996309293,,,0.825925925925926
151,3h9focuh,0.7944968617537617,True,albert-base,scientsbank-1,data,data/flat_semeval5way_test.csv,False,AdamW,linear_with_warmup,8,1e-05,24,albert-base-v2,2,data/flat_semeval5way_train.csv,scientsbank,4,False,100,False,5,100,flat_semeval5way_test.csv,"[1024, 17000]",answer,flat_semeval5way_train.csv,{'weight_decay': 1e-05},{},6239.0,0.780193202946974,0.7888888888888889,0.7825779837251355,1616103332.0,0.041314190601831946,0.0,0.7876541465742415,0.7888888888888889,6.7476214321482225e-06,642.0,0.7882162591930034,0.0009533389820717276,,0.7868336314847943,,,0.7888888888888889
152,3fmajm25,0.8340215806357538,True,roberta-large,scientsbank-1,data,data/flat_semeval5way_test.csv,False,AdamW,linear_with_warmup,8,1e-05,24,roberta-large,2,data/flat_semeval5way_train.csv,scientsbank,4,False,100,False,5,100,flat_semeval5way_test.csv,"[1024, 17000]",answer,flat_semeval5way_train.csv,{'weight_decay': 1e-05},{},7487.0,0.8135703401322504,0.8203703703703704,0.8155835102506417,1616102680.0,0.04880940209193304,0.0,0.8196550924214454,0.8203703703703704,5.968953430145218e-06,2768.0,0.8199121422558923,0.0005878866068087518,,0.8186079545454545,,,0.8203703703703704
153,ruhq8e77,0.8059669732625707,True,roberta-base,scientsbank-1,data,data/flat_semeval5way_test.csv,False,AdamW,linear_with_warmup,8,1e-05,24,roberta-base,2,data/flat_semeval5way_train.csv,scientsbank,4,False,100,False,5,100,flat_semeval5way_test.csv,"[1024, 17000]",answer,flat_semeval5way_train.csv,{'weight_decay': 1e-05},{},9359.0,0.7856733444240959,0.7962962962962963,0.7890625,1616099903.0,0.04283039645371222,0.0,0.7944155092592593,0.7962962962962963,4.800951427140711e-06,1347.0,0.7963591610934606,0.0008518642862327397,,0.7964486225355791,,,0.7962962962962963
154,2xah1z9j,0.8061528203431376,True,bert-large,scientsbank-1,data,data/flat_semeval5way_test.csv,False,AdamW,linear_with_warmup,8,1e-05,24,bert-large-uncased,2,data/flat_semeval5way_train.csv,scientsbank,4,False,100,False,5,100,flat_semeval5way_test.csv,"[1024, 17000]",answer,flat_semeval5way_train.csv,{'weight_decay': 1e-05},{},8111.0,0.7795221652150817,0.7851851851851852,0.7803646563814868,1616098546.0,0.02797682177127748,0.0,0.7848236455249079,0.7851851851851852,5.579619429143715e-06,3013.0,0.7846584899631303,0.006195861380547285,,0.7814105360937917,,,0.7851851851851852
155,1uzggxoc,0.7833885840107218,True,bert-base,scientsbank-1,data,data/flat_semeval5way_test.csv,False,AdamW,linear_with_warmup,8,1e-05,24,bert-base-uncased,2,data/flat_semeval5way_train.csv,scientsbank,4,False,100,False,5,100,flat_semeval5way_test.csv,"[1024, 17000]",answer,flat_semeval5way_train.csv,{'weight_decay': 1e-05},{},14975.0,0.7778935007199677,0.7833333333333333,0.7785946824876735,1616095524.0,0.0050059563042333015,0.0,0.7830334187228486,0.7833333333333333,1.296945418127191e-06,2135.0,0.7828694331983805,9.858122211880982e-05,,0.7794365721997301,,,0.7833333333333333
